[{"model": "contenttypes.contenttype", "pk": 1, "fields": {"app_label": "admin", "model": "logentry"}}, {"model": "contenttypes.contenttype", "pk": 2, "fields": {"app_label": "auth", "model": "permission"}}, {"model": "contenttypes.contenttype", "pk": 3, "fields": {"app_label": "auth", "model": "group"}}, {"model": "contenttypes.contenttype", "pk": 4, "fields": {"app_label": "auth", "model": "user"}}, {"model": "contenttypes.contenttype", "pk": 5, "fields": {"app_label": "contenttypes", "model": "contenttype"}}, {"model": "contenttypes.contenttype", "pk": 6, "fields": {"app_label": "sessions", "model": "session"}}, {"model": "contenttypes.contenttype", "pk": 7, "fields": {"app_label": "blog", "model": "blog"}}, {"model": "contenttypes.contenttype", "pk": 8, "fields": {"app_label": "blog", "model": "blogtype"}}, {"model": "contenttypes.contenttype", "pk": 9, "fields": {"app_label": "read_statistics", "model": "readdetail"}}, {"model": "contenttypes.contenttype", "pk": 10, "fields": {"app_label": "read_statistics", "model": "readnum"}}, {"model": "contenttypes.contenttype", "pk": 11, "fields": {"app_label": "comment", "model": "comment"}}, {"model": "sessions.session", "pk": "42t754jc4tta1q9pb6uwh3bxuy342o6b", "fields": {"session_data": "YjZjYThhNTUyNzhhOTlkMWQ3Nzc0YTMzYWI1MWM4NDEyZWE5ZjJkMjp7Il9hdXRoX3VzZXJfaWQiOiIyIiwiX2F1dGhfdXNlcl9iYWNrZW5kIjoiZGphbmdvLmNvbnRyaWIuYXV0aC5iYWNrZW5kcy5Nb2RlbEJhY2tlbmQiLCJfYXV0aF91c2VyX2hhc2giOiIwM2VlOWM3ZDA2MzczMmRlMjRkMWRmNTY3ZGNiN2I2MTA1MjFkNmVjIn0=", "expire_date": "2020-04-14T12:39:14.909Z"}}, {"model": "sessions.session", "pk": "du16bcwenauy4h8ay75dwymw0n0gav00", "fields": {"session_data": "YjZjYThhNTUyNzhhOTlkMWQ3Nzc0YTMzYWI1MWM4NDEyZWE5ZjJkMjp7Il9hdXRoX3VzZXJfaWQiOiIyIiwiX2F1dGhfdXNlcl9iYWNrZW5kIjoiZGphbmdvLmNvbnRyaWIuYXV0aC5iYWNrZW5kcy5Nb2RlbEJhY2tlbmQiLCJfYXV0aF91c2VyX2hhc2giOiIwM2VlOWM3ZDA2MzczMmRlMjRkMWRmNTY3ZGNiN2I2MTA1MjFkNmVjIn0=", "expire_date": "2020-04-15T08:53:55.356Z"}}, {"model": "sessions.session", "pk": "ljmabmuqmp40e487987zclhsx16ptehb", "fields": {"session_data": "YjZjYThhNTUyNzhhOTlkMWQ3Nzc0YTMzYWI1MWM4NDEyZWE5ZjJkMjp7Il9hdXRoX3VzZXJfaWQiOiIyIiwiX2F1dGhfdXNlcl9iYWNrZW5kIjoiZGphbmdvLmNvbnRyaWIuYXV0aC5iYWNrZW5kcy5Nb2RlbEJhY2tlbmQiLCJfYXV0aF91c2VyX2hhc2giOiIwM2VlOWM3ZDA2MzczMmRlMjRkMWRmNTY3ZGNiN2I2MTA1MjFkNmVjIn0=", "expire_date": "2020-04-11T17:37:10.814Z"}}, {"model": "blog.blogtype", "pk": 1, "fields": {"type_name": "Django"}}, {"model": "blog.blogtype", "pk": 2, "fields": {"type_name": "Python"}}, {"model": "blog.blogtype", "pk": 3, "fields": {"type_name": "C++"}}, {"model": "blog.blogtype", "pk": 4, "fields": {"type_name": "\u6570\u636e\u7ed3\u6784"}}, {"model": "blog.blogtype", "pk": 5, "fields": {"type_name": "javascript"}}, {"model": "blog.blogtype", "pk": 6, "fields": {"type_name": "\u8bd7\u6587"}}, {"model": "blog.blogtype", "pk": 7, "fields": {"type_name": "\u751f\u6d3b&\u8bc1\u660e"}}, {"model": "blog.blogtype", "pk": 8, "fields": {"type_name": "\u5176\u4ed6"}}, {"model": "read_statistics.readnum", "pk": 1, "fields": {"read_num": 2, "content_type": 7, "object_id": 1}}, {"model": "read_statistics.readnum", "pk": 2, "fields": {"read_num": 2, "content_type": 7, "object_id": 2}}, {"model": "read_statistics.readnum", "pk": 3, "fields": {"read_num": 1, "content_type": 7, "object_id": 7}}, {"model": "read_statistics.readnum", "pk": 4, "fields": {"read_num": 1, "content_type": 7, "object_id": 3}}, {"model": "read_statistics.readnum", "pk": 5, "fields": {"read_num": 1, "content_type": 7, "object_id": 4}}, {"model": "read_statistics.readnum", "pk": 6, "fields": {"read_num": 2, "content_type": 7, "object_id": 11}}, {"model": "read_statistics.readnum", "pk": 7, "fields": {"read_num": 1, "content_type": 7, "object_id": 5}}, {"model": "read_statistics.readnum", "pk": 8, "fields": {"read_num": 1, "content_type": 7, "object_id": 8}}, {"model": "read_statistics.readdetail", "pk": 1, "fields": {"date": "2020-03-29", "read_num": 2, "content_type": 7, "object_id": 1}}, {"model": "read_statistics.readdetail", "pk": 2, "fields": {"date": "2020-03-29", "read_num": 1, "content_type": 7, "object_id": 2}}, {"model": "read_statistics.readdetail", "pk": 3, "fields": {"date": "2020-03-29", "read_num": 1, "content_type": 7, "object_id": 7}}, {"model": "read_statistics.readdetail", "pk": 4, "fields": {"date": "2020-03-28", "read_num": 10, "content_type": 7, "object_id": 1}}, {"model": "read_statistics.readdetail", "pk": 5, "fields": {"date": "2020-03-29", "read_num": 1, "content_type": 7, "object_id": 3}}, {"model": "read_statistics.readdetail", "pk": 6, "fields": {"date": "2020-03-29", "read_num": 1, "content_type": 7, "object_id": 4}}, {"model": "read_statistics.readdetail", "pk": 7, "fields": {"date": "2020-03-30", "read_num": 1, "content_type": 7, "object_id": 2}}, {"model": "read_statistics.readdetail", "pk": 8, "fields": {"date": "2020-03-31", "read_num": 1, "content_type": 7, "object_id": 11}}, {"model": "read_statistics.readdetail", "pk": 9, "fields": {"date": "2020-04-01", "read_num": 1, "content_type": 7, "object_id": 5}}, {"model": "read_statistics.readdetail", "pk": 10, "fields": {"date": "2020-04-02", "read_num": 1, "content_type": 7, "object_id": 8}}, {"model": "read_statistics.readdetail", "pk": 11, "fields": {"date": "2020-04-06", "read_num": 1, "content_type": 7, "object_id": 11}}, {"model": "auth.permission", "pk": 1, "fields": {"name": "Can add log entry", "content_type": 1, "codename": "add_logentry"}}, {"model": "auth.permission", "pk": 2, "fields": {"name": "Can change log entry", "content_type": 1, "codename": "change_logentry"}}, {"model": "auth.permission", "pk": 3, "fields": {"name": "Can delete log entry", "content_type": 1, "codename": "delete_logentry"}}, {"model": "auth.permission", "pk": 4, "fields": {"name": "Can add permission", "content_type": 2, "codename": "add_permission"}}, {"model": "auth.permission", "pk": 5, "fields": {"name": "Can change permission", "content_type": 2, "codename": "change_permission"}}, {"model": "auth.permission", "pk": 6, "fields": {"name": "Can delete permission", "content_type": 2, "codename": "delete_permission"}}, {"model": "auth.permission", "pk": 7, "fields": {"name": "Can add group", "content_type": 3, "codename": "add_group"}}, {"model": "auth.permission", "pk": 8, "fields": {"name": "Can change group", "content_type": 3, "codename": "change_group"}}, {"model": "auth.permission", "pk": 9, "fields": {"name": "Can delete group", "content_type": 3, "codename": "delete_group"}}, {"model": "auth.permission", "pk": 10, "fields": {"name": "Can add user", "content_type": 4, "codename": "add_user"}}, {"model": "auth.permission", "pk": 11, "fields": {"name": "Can change user", "content_type": 4, "codename": "change_user"}}, {"model": "auth.permission", "pk": 12, "fields": {"name": "Can delete user", "content_type": 4, "codename": "delete_user"}}, {"model": "auth.permission", "pk": 13, "fields": {"name": "Can add content type", "content_type": 5, "codename": "add_contenttype"}}, {"model": "auth.permission", "pk": 14, "fields": {"name": "Can change content type", "content_type": 5, "codename": "change_contenttype"}}, {"model": "auth.permission", "pk": 15, "fields": {"name": "Can delete content type", "content_type": 5, "codename": "delete_contenttype"}}, {"model": "auth.permission", "pk": 16, "fields": {"name": "Can add session", "content_type": 6, "codename": "add_session"}}, {"model": "auth.permission", "pk": 17, "fields": {"name": "Can change session", "content_type": 6, "codename": "change_session"}}, {"model": "auth.permission", "pk": 18, "fields": {"name": "Can delete session", "content_type": 6, "codename": "delete_session"}}, {"model": "auth.permission", "pk": 19, "fields": {"name": "Can add blog", "content_type": 7, "codename": "add_blog"}}, {"model": "auth.permission", "pk": 20, "fields": {"name": "Can change blog", "content_type": 7, "codename": "change_blog"}}, {"model": "auth.permission", "pk": 21, "fields": {"name": "Can delete blog", "content_type": 7, "codename": "delete_blog"}}, {"model": "auth.permission", "pk": 22, "fields": {"name": "Can add blog type", "content_type": 8, "codename": "add_blogtype"}}, {"model": "auth.permission", "pk": 23, "fields": {"name": "Can change blog type", "content_type": 8, "codename": "change_blogtype"}}, {"model": "auth.permission", "pk": 24, "fields": {"name": "Can delete blog type", "content_type": 8, "codename": "delete_blogtype"}}, {"model": "auth.permission", "pk": 25, "fields": {"name": "Can add read detail", "content_type": 9, "codename": "add_readdetail"}}, {"model": "auth.permission", "pk": 26, "fields": {"name": "Can change read detail", "content_type": 9, "codename": "change_readdetail"}}, {"model": "auth.permission", "pk": 27, "fields": {"name": "Can delete read detail", "content_type": 9, "codename": "delete_readdetail"}}, {"model": "auth.permission", "pk": 28, "fields": {"name": "Can add read num", "content_type": 10, "codename": "add_readnum"}}, {"model": "auth.permission", "pk": 29, "fields": {"name": "Can change read num", "content_type": 10, "codename": "change_readnum"}}, {"model": "auth.permission", "pk": 30, "fields": {"name": "Can delete read num", "content_type": 10, "codename": "delete_readnum"}}, {"model": "auth.permission", "pk": 31, "fields": {"name": "Can add comment", "content_type": 11, "codename": "add_comment"}}, {"model": "auth.permission", "pk": 32, "fields": {"name": "Can change comment", "content_type": 11, "codename": "change_comment"}}, {"model": "auth.permission", "pk": 33, "fields": {"name": "Can delete comment", "content_type": 11, "codename": "delete_comment"}}, {"model": "auth.user", "pk": 1, "fields": {"password": "pbkdf2_sha256$100000$nGSlnrLFs79Y$qolpupzDU/Ti3yPs3jzjLHf35Dnfj0X3dVUnPMLBVuY=", "last_login": null, "is_superuser": true, "username": "jwl", "first_name": "", "last_name": "", "email": "", "is_staff": true, "is_active": true, "date_joined": "2020-03-28T17:35:10.655Z", "groups": [], "user_permissions": []}}, {"model": "auth.user", "pk": 2, "fields": {"password": "pbkdf2_sha256$100000$pL8gNmEZ0F4s$tCVPp2ofU0IrUOhCK2k55/hlHUxKXzKF5fjrlScMS08=", "last_login": "2020-04-01T08:53:55.351Z", "is_superuser": true, "username": "jiao", "first_name": "", "last_name": "", "email": "", "is_staff": true, "is_active": true, "date_joined": "2020-03-28T17:36:54.669Z", "groups": [], "user_permissions": []}}, {"model": "auth.user", "pk": 3, "fields": {"password": "pbkdf2_sha256$100000$cKHophS2k6pe$A0kcztGC5wmnkUdak0irC5LWhZeVs/pk7iS84SX1fqc=", "last_login": "2020-03-30T12:50:19.041Z", "is_superuser": false, "username": "\u6770\u5c3c\u9f9f", "first_name": "", "last_name": "", "email": "jng@qq.com", "is_staff": false, "is_active": true, "date_joined": "2020-03-30T12:50:18.284Z", "groups": [], "user_permissions": []}}, {"model": "auth.user", "pk": 4, "fields": {"password": "pbkdf2_sha256$100000$qfAw8yqM0lSk$WqMaVdQjjfyaAmo6Hj+lLJTXaPwvXrMFs078Jl52gBU=", "last_login": "2020-03-31T11:47:18.078Z", "is_superuser": false, "username": "\u706b\u70c8\u9e1f", "first_name": "", "last_name": "", "email": "1185127147@qq.com", "is_staff": false, "is_active": true, "date_joined": "2020-03-31T11:47:17.707Z", "groups": [], "user_permissions": []}}, {"model": "blog.blog", "pk": 1, "fields": {"title": "\u6211\u662f\u4e00\u53ea\u5c0f\u6bdb\u9a74", "blog_type": 6, "content": "<p>\u6211\u662f\u4e00\u53ea\u5c0f\u6bdb\u9a74\u6211\u662f\u4e00\u53ea\u5c0f\u6bdb\u9a74\u6211\u662f\u4e00\u53ea\u5c0f\u6bdb\u9a74\u6211\u662f\u4e00\u53ea\u5c0f\u6bdb\u9a74\u6211\u662f\u4e00\u53ea\u5c0f\u6bdb\u9a74\u6211\u662f\u4e00\u53ea\u5c0f\u6bdb\u9a74\u6211\u662f\u4e00\u53ea\u5c0f\u6bdb\u9a74\u6211\u662f\u4e00\u53ea\u5c0f\u6bdb\u9a74\u6211\u662f\u4e00\u53ea\u5c0f\u6bdb\u9a74\u6211\u662f\u4e00\u53ea\u5c0f\u6bdb\u9a74\u6211\u662f\u4e00\u53ea\u5c0f\u6bdb\u9a74\u6211\u662f\u4e00\u53ea\u5c0f\u6bdb\u9a74\u6211\u662f\u4e00\u53ea\u5c0f\u6bdb\u9a74\u6211\u662f\u4e00\u53ea\u5c0f\u6bdb\u9a74\u6211\u662f\u4e00\u53ea\u5c0f\u6bdb\u9a74\u6211\u662f\u4e00\u53ea\u5c0f\u6bdb\u9a74\u6211\u662f\u4e00\u53ea\u5c0f\u6bdb\u9a74\u6211\u662f\u4e00\u53ea\u5c0f\u6bdb\u9a74\u6211\u662f\u4e00\u53ea\u5c0f\u6bdb\u9a74\u6211\u662f\u4e00\u53ea\u5c0f\u6bdb\u9a74\u6211\u662f\u4e00\u53ea\u5c0f\u6bdb\u9a74\u6211\u662f\u4e00\u53ea\u5c0f\u6bdb\u9a74\u6211\u662f\u4e00\u53ea\u5c0f\u6bdb\u9a74\u6211\u662f\u4e00\u53ea\u5c0f\u6bdb\u9a74\u6211\u662f\u4e00\u53ea\u5c0f\u6bdb\u9a74\u6211\u662f\u4e00\u53ea\u5c0f\u6bdb\u9a74\u6211\u662f\u4e00\u53ea\u5c0f\u6bdb\u9a74\u6211\u662f\u4e00\u53ea\u5c0f\u6bdb\u9a74\u6211\u662f\u4e00\u53ea\u5c0f\u6bdb\u9a74\u6211\u662f\u4e00\u53ea\u5c0f\u6bdb\u9a74\u6211\u662f\u4e00\u53ea\u5c0f\u6bdb\u9a74\u6211\u662f\u4e00\u53ea\u5c0f\u6bdb\u9a74\u6211\u662f\u4e00\u53ea\u5c0f\u6bdb\u9a74\u6211\u662f\u4e00\u53ea\u5c0f\u6bdb\u9a74\u6211\u662f\u4e00\u53ea\u5c0f\u6bdb\u9a74\u6211\u662f\u4e00\u53ea\u5c0f\u6bdb\u9a74\u6211\u662f\u4e00\u53ea\u5c0f\u6bdb\u9a74\u6211\u662f\u4e00\u53ea\u5c0f\u6bdb\u9a74\u6211\u662f\u4e00\u53ea\u5c0f\u6bdb\u9a74\u6211\u662f\u4e00\u53ea\u5c0f\u6bdb\u9a74\u6211\u662f\u4e00\u53ea\u5c0f\u6bdb\u9a74\u6211\u662f\u4e00\u53ea\u5c0f\u6bdb\u9a74\u6211\u662f\u4e00\u53ea\u5c0f\u6bdb\u9a74\u6211\u662f\u4e00\u53ea\u5c0f\u6bdb\u9a74\u6211\u662f\u4e00\u53ea\u5c0f\u6bdb\u9a74\u6211\u662f\u4e00\u53ea\u5c0f\u6bdb\u9a74\u6211\u662f\u4e00\u53ea\u5c0f\u6bdb\u9a74\u6211\u662f\u4e00\u53ea\u5c0f\u6bdb\u9a74\u6211\u662f\u4e00\u53ea\u5c0f\u6bdb\u9a74\u6211\u662f\u4e00\u53ea\u5c0f\u6bdb\u9a74\u6211\u662f\u4e00\u53ea\u5c0f\u6bdb\u9a74\u6211\u662f\u4e00\u53ea\u5c0f\u6bdb\u9a74\u6211\u662f\u4e00\u53ea\u5c0f\u6bdb\u9a74\u6211\u662f\u4e00\u53ea\u5c0f\u6bdb\u9a74\u6211\u662f\u4e00\u53ea\u5c0f\u6bdb\u9a74\u6211\u662f\u4e00\u53ea\u5c0f\u6bdb\u9a74\u6211\u662f\u4e00\u53ea\u5c0f\u6bdb\u9a74\u6211\u662f\u4e00\u53ea\u5c0f\u6bdb\u9a74\u6211\u662f\u4e00\u53ea\u5c0f\u6bdb\u9a74\u6211\u662f\u4e00\u53ea\u5c0f\u6bdb\u9a74\u6211\u662f\u4e00\u53ea\u5c0f\u6bdb\u9a74\u6211\u662f\u4e00\u53ea\u5c0f\u6bdb\u9a74\u6211\u662f\u4e00\u53ea\u5c0f\u6bdb\u9a74\u6211\u662f\u4e00\u53ea\u5c0f\u6bdb\u9a74\u6211\u662f\u4e00\u53ea\u5c0f\u6bdb\u9a74\u6211\u662f\u4e00\u53ea\u5c0f\u6bdb\u9a74\u6211\u662f\u4e00\u53ea\u5c0f\u6bdb\u9a74\u6211\u662f\u4e00\u53ea\u5c0f\u6bdb\u9a74\u6211\u662f\u4e00\u53ea\u5c0f\u6bdb\u9a74\u6211\u662f\u4e00\u53ea\u5c0f\u6bdb\u9a74\u6211\u662f\u4e00\u53ea\u5c0f\u6bdb\u9a74\u6211\u662f\u4e00\u53ea\u5c0f\u6bdb\u9a74\u6211\u662f\u4e00\u53ea\u5c0f\u6bdb\u9a74\u6211\u662f\u4e00\u53ea\u5c0f\u6bdb\u9a74\u6211\u662f\u4e00\u53ea\u5c0f\u6bdb\u9a74\u6211\u662f\u4e00\u53ea\u5c0f\u6bdb\u9a74\u6211\u662f\u4e00\u53ea\u5c0f\u6bdb\u9a74\u6211\u662f\u4e00\u53ea\u5c0f\u6bdb\u9a74\u6211\u662f\u4e00\u53ea\u5c0f\u6bdb\u9a74\u6211\u662f\u4e00\u53ea\u5c0f\u6bdb\u9a74\u6211\u662f\u4e00\u53ea\u5c0f\u6bdb\u9a74\u6211\u662f\u4e00\u53ea\u5c0f\u6bdb\u9a74\u6211\u662f\u4e00\u53ea\u5c0f\u6bdb\u9a74\u6211\u662f\u4e00\u53ea\u5c0f\u6bdb\u9a74\u6211\u662f\u4e00\u53ea\u5c0f\u6bdb\u9a74\u6211\u662f\u4e00\u53ea\u5c0f\u6bdb\u9a74\u6211\u662f\u4e00\u53ea\u5c0f\u6bdb\u9a74\u6211\u662f\u4e00\u53ea\u5c0f\u6bdb\u9a74\u6211\u662f\u4e00\u53ea\u5c0f\u6bdb\u9a74\u6211\u662f\u4e00\u53ea\u5c0f\u6bdb\u9a74\u6211\u662f\u4e00\u53ea\u5c0f\u6bdb\u9a74\u6211\u662f\u4e00\u53ea\u5c0f\u6bdb\u9a74\u6211\u662f\u4e00\u53ea\u5c0f\u6bdb\u9a74\u6211\u662f\u4e00\u53ea\u5c0f\u6bdb\u9a74\u6211\u662f\u4e00\u53ea\u5c0f\u6bdb\u9a74\u6211\u662f\u4e00\u53ea\u5c0f\u6bdb\u9a74\u6211\u662f\u4e00\u53ea\u5c0f\u6bdb\u9a74\u6211\u662f\u4e00\u53ea\u5c0f\u6bdb\u9a74\u6211\u662f\u4e00\u53ea\u5c0f\u6bdb\u9a74\u6211\u662f\u4e00\u53ea\u5c0f\u6bdb\u9a74\u6211\u662f\u4e00\u53ea\u5c0f\u6bdb\u9a74\u6211\u662f\u4e00\u53ea\u5c0f\u6bdb\u9a74\u6211\u662f\u4e00\u53ea\u5c0f\u6bdb\u9a74\u6211\u662f\u4e00\u53ea\u5c0f\u6bdb\u9a74\u6211\u662f\u4e00\u53ea\u5c0f\u6bdb\u9a74\u6211\u662f\u4e00\u53ea\u5c0f\u6bdb\u9a74\u6211\u662f\u4e00\u53ea\u5c0f\u6bdb\u9a74\u6211\u662f\u4e00\u53ea\u5c0f\u6bdb\u9a74\u6211\u662f\u4e00\u53ea\u5c0f\u6bdb\u9a74\u6211\u662f\u4e00\u53ea\u5c0f\u6bdb\u9a74\u6211\u662f\u4e00\u53ea\u5c0f\u6bdb\u9a74\u6211\u662f\u4e00\u53ea\u5c0f\u6bdb\u9a74\u6211\u662f\u4e00\u53ea\u5c0f\u6bdb\u9a74\u6211\u662f\u4e00\u53ea\u5c0f\u6bdb\u9a74\u6211\u662f\u4e00\u53ea\u5c0f\u6bdb\u9a74\u6211\u662f\u4e00\u53ea\u5c0f\u6bdb\u9a74\u6211\u662f\u4e00\u53ea\u5c0f\u6bdb\u9a74\u6211\u662f\u4e00\u53ea\u5c0f\u6bdb\u9a74\u6211\u662f\u4e00\u53ea\u5c0f\u6bdb\u9a74\u6211\u662f\u4e00\u53ea\u5c0f\u6bdb\u9a74\u6211\u662f\u4e00\u53ea\u5c0f\u6bdb\u9a74\u6211\u662f\u4e00\u53ea\u5c0f\u6bdb\u9a74\u6211\u662f\u4e00\u53ea\u5c0f\u6bdb\u9a74\u6211\u662f\u4e00\u53ea\u5c0f\u6bdb\u9a74\u6211\u662f\u4e00\u53ea\u5c0f\u6bdb\u9a74\u6211\u662f\u4e00\u53ea\u5c0f\u6bdb\u9a74\u6211\u662f\u4e00\u53ea\u5c0f\u6bdb\u9a74\u6211\u662f\u4e00\u53ea\u5c0f\u6bdb\u9a74\u6211\u662f\u4e00\u53ea\u5c0f\u6bdb\u9a74\u6211\u662f\u4e00\u53ea\u5c0f\u6bdb\u9a74\u6211\u662f\u4e00\u53ea\u5c0f\u6bdb\u9a74\u6211\u662f\u4e00\u53ea\u5c0f\u6bdb\u9a74\u6211\u662f\u4e00\u53ea\u5c0f\u6bdb\u9a74</p>", "author": 2, "create_time": "2020-03-29T03:17:35.615Z", "last_updated_time": "2020-03-29T03:17:35.615Z"}}, {"model": "blog.blog", "pk": 2, "fields": {"title": "\u6211\u662fDjango\u6211\u7684ID\u4e3a1", "blog_type": 1, "content": "<p>\u6211\u662fDjango\u6211\u7684ID\u4e3a1\u6211\u662fDjango\u6211\u7684ID\u4e3a1\u6211\u662fDjango\u6211\u7684ID\u4e3a1\u6211\u662fDjango\u6211\u7684ID\u4e3a1\u6211\u662fDjango\u6211\u7684ID\u4e3a1\u6211\u662fDjango\u6211\u7684ID\u4e3a1\u6211\u662fDjango\u6211\u7684ID\u4e3a1\u6211\u662fDjango\u6211\u7684ID\u4e3a1\u6211\u662fDjango\u6211\u7684ID\u4e3a1\u6211\u662fDjango\u6211\u7684ID\u4e3a1\u6211\u662fDjango\u6211\u7684ID\u4e3a1\u6211\u662fDjango\u6211\u7684ID\u4e3a1\u6211\u662fDjango\u6211\u7684ID\u4e3a1\u6211\u662fDjango\u6211\u7684ID\u4e3a1\u6211\u662fDjango\u6211\u7684ID\u4e3a1\u6211\u662fDjango\u6211\u7684ID\u4e3a1\u6211\u662fDjango\u6211\u7684ID\u4e3a1\u6211\u662fDjango\u6211\u7684ID\u4e3a1\u6211\u662fDjango\u6211\u7684ID\u4e3a1\u6211\u662fDjango\u6211\u7684ID\u4e3a1\u6211\u662fDjango\u6211\u7684ID\u4e3a1\u6211\u662fDjango\u6211\u7684ID\u4e3a1\u6211\u662fDjango\u6211\u7684ID\u4e3a1\u6211\u662fDjango\u6211\u7684ID\u4e3a1\u6211\u662fDjango\u6211\u7684ID\u4e3a1\u6211\u662fDjango\u6211\u7684ID\u4e3a1\u6211\u662fDjango\u6211\u7684ID\u4e3a1\u6211\u662fDjango\u6211\u7684ID\u4e3a1\u6211\u662fDjango\u6211\u7684ID\u4e3a1\u6211\u662fDjango\u6211\u7684ID\u4e3a1\u6211\u662fDjango\u6211\u7684ID\u4e3a1\u6211\u662fDjango\u6211\u7684ID\u4e3a1\u6211\u662fDjango\u6211\u7684ID\u4e3a1\u6211\u662fDjango\u6211\u7684ID\u4e3a1\u6211\u662fDjango\u6211\u7684ID\u4e3a1\u6211\u662fDjango\u6211\u7684ID\u4e3a1\u6211\u662fDjango\u6211\u7684ID\u4e3a1\u6211\u662fDjango\u6211\u7684ID\u4e3a1\u6211\u662fDjango\u6211\u7684ID\u4e3a1\u6211\u662fDjango\u6211\u7684ID\u4e3a1\u6211\u662fDjango\u6211\u7684ID\u4e3a1\u6211\u662fDjango\u6211\u7684ID\u4e3a1\u6211\u662fDjango\u6211\u7684ID\u4e3a1\u6211\u662fDjango\u6211\u7684ID\u4e3a1\u6211\u662fDjango\u6211\u7684ID\u4e3a1\u6211\u662fDjango\u6211\u7684ID\u4e3a1\u6211\u662fDjango\u6211\u7684ID\u4e3a1\u6211\u662fDjango\u6211\u7684ID\u4e3a1\u6211\u662fDjango\u6211\u7684ID\u4e3a1\u6211\u662fDjango\u6211\u7684ID\u4e3a1\u6211\u662fDjango\u6211\u7684ID\u4e3a1\u6211\u662fDjango\u6211\u7684ID\u4e3a1\u6211\u662fDjango\u6211\u7684ID\u4e3a1\u6211\u662fDjango\u6211\u7684ID\u4e3a1\u6211\u662fDjango\u6211\u7684ID\u4e3a1\u6211\u662fDjango\u6211\u7684ID\u4e3a1\u6211\u662fDjango\u6211\u7684ID\u4e3a1\u6211\u662fDjango\u6211\u7684ID\u4e3a1\u6211\u662fDjango\u6211\u7684ID\u4e3a1\u6211\u662fDjango\u6211\u7684ID\u4e3a1\u6211\u662fDjango\u6211\u7684ID\u4e3a1\u6211\u662fDjango\u6211\u7684ID\u4e3a1\u6211\u662fDjango\u6211\u7684ID\u4e3a1\u6211\u662fDjango\u6211\u7684ID\u4e3a1\u6211\u662fDjango\u6211\u7684ID\u4e3a1\u6211\u662fDjango\u6211\u7684ID\u4e3a1\u6211\u662fDjango\u6211\u7684ID\u4e3a1\u6211\u662fDjango\u6211\u7684ID\u4e3a1\u6211\u662fDjango\u6211\u7684ID\u4e3a1\u6211\u662fDjango\u6211\u7684ID\u4e3a1\u6211\u662fDjango\u6211\u7684ID\u4e3a1\u6211\u662fDjango\u6211\u7684ID\u4e3a1\u6211\u662fDjango\u6211\u7684ID\u4e3a1\u6211\u662fDjango\u6211\u7684ID\u4e3a1\u6211\u662fDjango\u6211\u7684ID\u4e3a1\u6211\u662fDjango\u6211\u7684ID\u4e3a1\u6211\u662fDjango\u6211\u7684ID\u4e3a1\u6211\u662fDjango\u6211\u7684ID\u4e3a1\u6211\u662fDjango\u6211\u7684ID\u4e3a1\u6211\u662fDjango\u6211\u7684ID\u4e3a1\u6211\u662fDjango\u6211\u7684ID\u4e3a1\u6211\u662fDjango\u6211\u7684ID\u4e3a1\u6211\u662fDjango\u6211\u7684ID\u4e3a1\u6211\u662fDjango\u6211\u7684ID\u4e3a1</p>", "author": 2, "create_time": "2020-03-29T03:18:28.166Z", "last_updated_time": "2020-03-29T03:18:28.166Z"}}, {"model": "blog.blog", "pk": 3, "fields": {"title": "\u6211\u662fPythonID\u4e3a2", "blog_type": 2, "content": "<p>\u6211\u662fPythonID\u4e3a2\u6211\u662fPythonID\u4e3a2\u6211\u662fPythonID\u4e3a2\u6211\u662fPythonID\u4e3a2\u6211\u662fPythonID\u4e3a2\u6211\u662fPythonID\u4e3a2\u6211\u662fPythonID\u4e3a2\u6211\u662fPythonID\u4e3a2\u6211\u662fPythonID\u4e3a2\u6211\u662fPythonID\u4e3a2\u6211\u662fPythonID\u4e3a2\u6211\u662fPythonID\u4e3a2\u6211\u662fPythonID\u4e3a2\u6211\u662fPythonID\u4e3a2\u6211\u662fPythonID\u4e3a2\u6211\u662fPythonID\u4e3a2\u6211\u662fPythonID\u4e3a2\u6211\u662fPythonID\u4e3a2\u6211\u662fPythonID\u4e3a2\u6211\u662fPythonID\u4e3a2\u6211\u662fPythonID\u4e3a2\u6211\u662fPythonID\u4e3a2\u6211\u662fPythonID\u4e3a2\u6211\u662fPythonID\u4e3a2\u6211\u662fPythonID\u4e3a2\u6211\u662fPythonID\u4e3a2\u6211\u662fPythonID\u4e3a2\u6211\u662fPythonID\u4e3a2\u6211\u662fPythonID\u4e3a2\u6211\u662fPythonID\u4e3a2\u6211\u662fPythonID\u4e3a2\u6211\u662fPythonID\u4e3a2\u6211\u662fPythonID\u4e3a2\u6211\u662fPythonID\u4e3a2\u6211\u662fPythonID\u4e3a2\u6211\u662fPythonID\u4e3a2\u6211\u662fPythonID\u4e3a2\u6211\u662fPythonID\u4e3a2\u6211\u662fPythonID\u4e3a2\u6211\u662fPythonID\u4e3a2\u6211\u662fPythonID\u4e3a2\u6211\u662fPythonID\u4e3a2\u6211\u662fPythonID\u4e3a2\u6211\u662fPythonID\u4e3a2\u6211\u662fPythonID\u4e3a2\u6211\u662fPythonID\u4e3a2\u6211\u662fPythonID\u4e3a2\u6211\u662fPythonID\u4e3a2\u6211\u662fPythonID\u4e3a2\u6211\u662fPythonID\u4e3a2\u6211\u662fPythonID\u4e3a2\u6211\u662fPythonID\u4e3a2\u6211\u662fPythonID\u4e3a2\u6211\u662fPythonID\u4e3a2\u6211\u662fPythonID\u4e3a2\u6211\u662fPythonID\u4e3a2\u6211\u662fPythonID\u4e3a2\u6211\u662fPythonID\u4e3a2\u6211\u662fPythonID\u4e3a2\u6211\u662fPythonID\u4e3a2\u6211\u662fPythonID\u4e3a2\u6211\u662fPythonID\u4e3a2\u6211\u662fPythonID\u4e3a2\u6211\u662fPythonID\u4e3a2\u6211\u662fPythonID\u4e3a2\u6211\u662fPythonID\u4e3a2\u6211\u662fPythonID\u4e3a2\u6211\u662fPythonID\u4e3a2\u6211\u662fPythonID\u4e3a2\u6211\u662fPythonID\u4e3a2\u6211\u662fPythonID\u4e3a2\u6211\u662fPythonID\u4e3a2\u6211\u662fPythonID\u4e3a2\u6211\u662fPythonID\u4e3a2\u6211\u662fPythonID\u4e3a2\u6211\u662fPythonID\u4e3a2\u6211\u662fPythonID\u4e3a2\u6211\u662fPythonID\u4e3a2\u6211\u662fPythonID\u4e3a2\u6211\u662fPythonID\u4e3a2\u6211\u662fPythonID\u4e3a2\u6211\u662fPythonID\u4e3a2\u6211\u662fPythonID\u4e3a2\u6211\u662fPythonID\u4e3a2\u6211\u662fPythonID\u4e3a2\u6211\u662fPythonID\u4e3a2\u6211\u662fPythonID\u4e3a2\u6211\u662fPythonID\u4e3a2\u6211\u662fPythonID\u4e3a2\u6211\u662fPythonID\u4e3a2\u6211\u662fPythonID\u4e3a2\u6211\u662fPythonID\u4e3a2\u6211\u662fPythonID\u4e3a2\u6211\u662fPythonID\u4e3a2\u6211\u662fPythonID\u4e3a2</p>", "author": 2, "create_time": "2020-03-29T03:18:52.646Z", "last_updated_time": "2020-03-29T03:18:52.646Z"}}, {"model": "blog.blog", "pk": 4, "fields": {"title": "\u6211\u662fC++\u6211\u7684ID\u4e3a3", "blog_type": 3, "content": "<p>\u6211\u662fC++\u6211\u7684ID\u4e3a3\u6211\u662fC++\u6211\u7684ID\u4e3a3\u6211\u662fC++\u6211\u7684ID\u4e3a3\u6211\u662fC++\u6211\u7684ID\u4e3a3\u6211\u662fC++\u6211\u7684ID\u4e3a3\u6211\u662fC++\u6211\u7684ID\u4e3a3\u6211\u662fC++\u6211\u7684ID\u4e3a3\u6211\u662fC++\u6211\u7684ID\u4e3a3\u6211\u662fC++\u6211\u7684ID\u4e3a3\u6211\u662fC++\u6211\u7684ID\u4e3a3\u6211\u662fC++\u6211\u7684ID\u4e3a3\u6211\u662fC++\u6211\u7684ID\u4e3a3\u6211\u662fC++\u6211\u7684ID\u4e3a3\u6211\u662fC++\u6211\u7684ID\u4e3a3\u6211\u662fC++\u6211\u7684ID\u4e3a3\u6211\u662fC++\u6211\u7684ID\u4e3a3\u6211\u662fC++\u6211\u7684ID\u4e3a3\u6211\u662fC++\u6211\u7684ID\u4e3a3\u6211\u662fC++\u6211\u7684ID\u4e3a3\u6211\u662fC++\u6211\u7684ID\u4e3a3\u6211\u662fC++\u6211\u7684ID\u4e3a3\u6211\u662fC++\u6211\u7684ID\u4e3a3\u6211\u662fC++\u6211\u7684ID\u4e3a3\u6211\u662fC++\u6211\u7684ID\u4e3a3\u6211\u662fC++\u6211\u7684ID\u4e3a3\u6211\u662fC++\u6211\u7684ID\u4e3a3\u6211\u662fC++\u6211\u7684ID\u4e3a3\u6211\u662fC++\u6211\u7684ID\u4e3a3\u6211\u662fC++\u6211\u7684ID\u4e3a3\u6211\u662fC++\u6211\u7684ID\u4e3a3\u6211\u662fC++\u6211\u7684ID\u4e3a3\u6211\u662fC++\u6211\u7684ID\u4e3a3\u6211\u662fC++\u6211\u7684ID\u4e3a3\u6211\u662fC++\u6211\u7684ID\u4e3a3\u6211\u662fC++\u6211\u7684ID\u4e3a3\u6211\u662fC++\u6211\u7684ID\u4e3a3\u6211\u662fC++\u6211\u7684ID\u4e3a3\u6211\u662fC++\u6211\u7684ID\u4e3a3\u6211\u662fC++\u6211\u7684ID\u4e3a3\u6211\u662fC++\u6211\u7684ID\u4e3a3\u6211\u662fC++\u6211\u7684ID\u4e3a3\u6211\u662fC++\u6211\u7684ID\u4e3a3\u6211\u662fC++\u6211\u7684ID\u4e3a3\u6211\u662fC++\u6211\u7684ID\u4e3a3\u6211\u662fC++\u6211\u7684ID\u4e3a3\u6211\u662fC++\u6211\u7684ID\u4e3a3\u6211\u662fC++\u6211\u7684ID\u4e3a3\u6211\u662fC++\u6211\u7684ID\u4e3a3\u6211\u662fC++\u6211\u7684ID\u4e3a3\u6211\u662fC++\u6211\u7684ID\u4e3a3\u6211\u662fC++\u6211\u7684ID\u4e3a3\u6211\u662fC++\u6211\u7684ID\u4e3a3\u6211\u662fC++\u6211\u7684ID\u4e3a3\u6211\u662fC++\u6211\u7684ID\u4e3a3\u6211\u662fC++\u6211\u7684ID\u4e3a3\u6211\u662fC++\u6211\u7684ID\u4e3a3\u6211\u662fC++\u6211\u7684ID\u4e3a3\u6211\u662fC++\u6211\u7684ID\u4e3a3\u6211\u662fC++\u6211\u7684ID\u4e3a3\u6211\u662fC++\u6211\u7684ID\u4e3a3\u6211\u662fC++\u6211\u7684ID\u4e3a3\u6211\u662fC++\u6211\u7684ID\u4e3a3\u6211\u662fC++\u6211\u7684ID\u4e3a3\u6211\u662fC++\u6211\u7684ID\u4e3a3\u6211\u662fC++\u6211\u7684ID\u4e3a3\u6211\u662fC++\u6211\u7684ID\u4e3a3\u6211\u662fC++\u6211\u7684ID\u4e3a3\u6211\u662fC++\u6211\u7684ID\u4e3a3\u6211\u662fC++\u6211\u7684ID\u4e3a3\u6211\u662fC++\u6211\u7684ID\u4e3a3\u6211\u662fC++\u6211\u7684ID\u4e3a3\u6211\u662fC++\u6211\u7684ID\u4e3a3\u6211\u662fC++\u6211\u7684ID\u4e3a3\u6211\u662fC++\u6211\u7684ID\u4e3a3\u6211\u662fC++\u6211\u7684ID\u4e3a3\u6211\u662fC++\u6211\u7684ID\u4e3a3\u6211\u662fC++\u6211\u7684ID\u4e3a3\u6211\u662fC++\u6211\u7684ID\u4e3a3\u6211\u662fC++\u6211\u7684ID\u4e3a3\u6211\u662fC++\u6211\u7684ID\u4e3a3\u6211\u662fC++\u6211\u7684ID\u4e3a3\u6211\u662fC++\u6211\u7684ID\u4e3a3\u6211\u662fC++\u6211\u7684ID\u4e3a3\u6211\u662fC++\u6211\u7684ID\u4e3a3\u6211\u662fC++\u6211\u7684ID\u4e3a3\u6211\u662fC++\u6211\u7684ID\u4e3a3\u6211\u662fC++\u6211\u7684ID\u4e3a3</p>", "author": 2, "create_time": "2020-03-29T03:19:24.952Z", "last_updated_time": "2020-03-29T03:19:24.952Z"}}, {"model": "blog.blog", "pk": 5, "fields": {"title": "\u6211\u662fjs\u6211\u7684ID\u662f5", "blog_type": 5, "content": "<p>\u6211\u662fjs\u6211\u7684ID\u662f4\u6211\u662fjs\u6211\u7684ID\u662f4\u6211\u662fjs\u6211\u7684ID\u662f4\u6211\u662fjs\u6211\u7684ID\u662f4\u6211\u662fjs\u6211\u7684ID\u662f4\u6211\u662fjs\u6211\u7684ID\u662f4\u6211\u662fjs\u6211\u7684ID\u662f4\u6211\u662fjs\u6211\u7684ID\u662f4\u6211\u662fjs\u6211\u7684ID\u662f4\u6211\u662fjs\u6211\u7684ID\u662f4\u6211\u662fjs\u6211\u7684ID\u662f4\u6211\u662fjs\u6211\u7684ID\u662f4\u6211\u662fjs\u6211\u7684ID\u662f4\u6211\u662fjs\u6211\u7684ID\u662f4\u6211\u662fjs\u6211\u7684ID\u662f4\u6211\u662fjs\u6211\u7684ID\u662f4\u6211\u662fjs\u6211\u7684ID\u662f4\u6211\u662fjs\u6211\u7684ID\u662f4\u6211\u662fjs\u6211\u7684ID\u662f4\u6211\u662fjs\u6211\u7684ID\u662f4\u6211\u662fjs\u6211\u7684ID\u662f4\u6211\u662fjs\u6211\u7684ID\u662f4\u6211\u662fjs\u6211\u7684ID\u662f4\u6211\u662fjs\u6211\u7684ID\u662f4\u6211\u662fjs\u6211\u7684ID\u662f4\u6211\u662fjs\u6211\u7684ID\u662f4\u6211\u662fjs\u6211\u7684ID\u662f4\u6211\u662fjs\u6211\u7684ID\u662f4\u6211\u662fjs\u6211\u7684ID\u662f4\u6211\u662fjs\u6211\u7684ID\u662f4\u6211\u662fjs\u6211\u7684ID\u662f4\u6211\u662fjs\u6211\u7684ID\u662f4\u6211\u662fjs\u6211\u7684ID\u662f4\u6211\u662fjs\u6211\u7684ID\u662f4\u6211\u662fjs\u6211\u7684ID\u662f4\u6211\u662fjs\u6211\u7684ID\u662f4\u6211\u662fjs\u6211\u7684ID\u662f4\u6211\u662fjs\u6211\u7684ID\u662f4\u6211\u662fjs\u6211\u7684ID\u662f4\u6211\u662fjs\u6211\u7684ID\u662f4\u6211\u662fjs\u6211\u7684ID\u662f4\u6211\u662fjs\u6211\u7684ID\u662f4\u6211\u662fjs\u6211\u7684ID\u662f4\u6211\u662fjs\u6211\u7684ID\u662f4\u6211\u662fjs\u6211\u7684ID\u662f4\u6211\u662fjs\u6211\u7684ID\u662f4\u6211\u662fjs\u6211\u7684ID\u662f4\u6211\u662fjs\u6211\u7684ID\u662f4\u6211\u662fjs\u6211\u7684ID\u662f4\u6211\u662fjs\u6211\u7684ID\u662f4\u6211\u662fjs\u6211\u7684ID\u662f4\u6211\u662fjs\u6211\u7684ID\u662f4\u6211\u662fjs\u6211\u7684ID\u662f4\u6211\u662fjs\u6211\u7684ID\u662f4\u6211\u662fjs\u6211\u7684ID\u662f4\u6211\u662fjs\u6211\u7684ID\u662f4\u6211\u662fjs\u6211\u7684ID\u662f4\u6211\u662fjs\u6211\u7684ID\u662f4\u6211\u662fjs\u6211\u7684ID\u662f4\u6211\u662fjs\u6211\u7684ID\u662f4\u6211\u662fjs\u6211\u7684ID\u662f4\u6211\u662fjs\u6211\u7684ID\u662f4\u6211\u662fjs\u6211\u7684ID\u662f4\u6211\u662fjs\u6211\u7684ID\u662f4\u6211\u662fjs\u6211\u7684ID\u662f4\u6211\u662fjs\u6211\u7684ID\u662f4\u6211\u662fjs\u6211\u7684ID\u662f4\u6211\u662fjs\u6211\u7684ID\u662f4\u6211\u662fjs\u6211\u7684ID\u662f4\u6211\u662fjs\u6211\u7684ID\u662f4\u6211\u662fjs\u6211\u7684ID\u662f4\u6211\u662fjs\u6211\u7684ID\u662f4\u6211\u662fjs\u6211\u7684ID\u662f4\u6211\u662fjs\u6211\u7684ID\u662f4\u6211\u662fjs\u6211\u7684ID\u662f4\u6211\u662fjs\u6211\u7684ID\u662f4\u6211\u662fjs\u6211\u7684ID\u662f4\u6211\u662fjs\u6211\u7684ID\u662f4\u6211\u662fjs\u6211\u7684ID\u662f4\u6211\u662fjs\u6211\u7684ID\u662f4\u6211\u662fjs\u6211\u7684ID\u662f4\u6211\u662fjs\u6211\u7684ID\u662f4\u6211\u662fjs\u6211\u7684ID\u662f4\u6211\u662fjs\u6211\u7684ID\u662f4\u6211\u662fjs\u6211\u7684ID\u662f4\u6211\u662fjs\u6211\u7684ID\u662f4\u6211\u662fjs\u6211\u7684ID\u662f4\u6211\u662fjs\u6211\u7684ID\u662f4\u6211\u662fjs\u6211\u7684ID\u662f4\u6211\u662fjs\u6211\u7684ID\u662f4\u6211\u662fjs\u6211\u7684ID\u662f4\u6211\u662fjs\u6211\u7684ID\u662f4\u6211\u662fjs\u6211\u7684ID\u662f4\u6211\u662fjs\u6211\u7684ID\u662f4\u6211\u662fjs\u6211\u7684ID\u662f4\u6211\u662fjs\u6211\u7684ID\u662f4\u6211\u662fjs\u6211\u7684ID\u662f4\u6211\u662fjs\u6211\u7684ID\u662f4\u6211\u662fjs\u6211\u7684ID\u662f4\u6211\u662fjs\u6211\u7684ID\u662f4\u6211\u662fjs\u6211\u7684ID\u662f4\u6211\u662fjs\u6211\u7684ID\u662f4\u6211\u662fjs\u6211\u7684ID\u662f4\u6211\u662fjs\u6211\u7684ID\u662f4\u6211\u662fjs\u6211\u7684ID\u662f4\u6211\u662fjs\u6211\u7684ID\u662f4\u6211\u662fjs\u6211\u7684ID\u662f4\u6211\u662fjs\u6211\u7684ID\u662f4\u6211\u662fjs\u6211\u7684ID\u662f4\u6211\u662fjs\u6211\u7684ID\u662f4\u6211\u662fjs\u6211\u7684ID\u662f4</p>", "author": 2, "create_time": "2020-03-29T03:20:38.234Z", "last_updated_time": "2020-03-29T03:21:11.218Z"}}, {"model": "blog.blog", "pk": 6, "fields": {"title": "\u6211\u662f\u6570\u636e\u7ed3\u6784ID\u4e3a4", "blog_type": 4, "content": "<p>\u6211\u662f\u6570\u636e\u7ed3\u6784ID\u4e3a4\u6211\u662f\u6570\u636e\u7ed3\u6784ID\u4e3a4\u6211\u662f\u6570\u636e\u7ed3\u6784ID\u4e3a4\u6211\u662f\u6570\u636e\u7ed3\u6784ID\u4e3a4\u6211\u662f\u6570\u636e\u7ed3\u6784ID\u4e3a4\u6211\u662f\u6570\u636e\u7ed3\u6784ID\u4e3a4\u6211\u662f\u6570\u636e\u7ed3\u6784ID\u4e3a4\u6211\u662f\u6570\u636e\u7ed3\u6784ID\u4e3a4\u6211\u662f\u6570\u636e\u7ed3\u6784ID\u4e3a4\u6211\u662f\u6570\u636e\u7ed3\u6784ID\u4e3a4\u6211\u662f\u6570\u636e\u7ed3\u6784ID\u4e3a4\u6211\u662f\u6570\u636e\u7ed3\u6784ID\u4e3a4\u6211\u662f\u6570\u636e\u7ed3\u6784ID\u4e3a4\u6211\u662f\u6570\u636e\u7ed3\u6784ID\u4e3a4\u6211\u662f\u6570\u636e\u7ed3\u6784ID\u4e3a4\u6211\u662f\u6570\u636e\u7ed3\u6784ID\u4e3a4\u6211\u662f\u6570\u636e\u7ed3\u6784ID\u4e3a4\u6211\u662f\u6570\u636e\u7ed3\u6784ID\u4e3a4\u6211\u662f\u6570\u636e\u7ed3\u6784ID\u4e3a4\u6211\u662f\u6570\u636e\u7ed3\u6784ID\u4e3a4\u6211\u662f\u6570\u636e\u7ed3\u6784ID\u4e3a4\u6211\u662f\u6570\u636e\u7ed3\u6784ID\u4e3a4\u6211\u662f\u6570\u636e\u7ed3\u6784ID\u4e3a4\u6211\u662f\u6570\u636e\u7ed3\u6784ID\u4e3a4\u6211\u662f\u6570\u636e\u7ed3\u6784ID\u4e3a4\u6211\u662f\u6570\u636e\u7ed3\u6784ID\u4e3a4\u6211\u662f\u6570\u636e\u7ed3\u6784ID\u4e3a4\u6211\u662f\u6570\u636e\u7ed3\u6784ID\u4e3a4\u6211\u662f\u6570\u636e\u7ed3\u6784ID\u4e3a4\u6211\u662f\u6570\u636e\u7ed3\u6784ID\u4e3a4\u6211\u662f\u6570\u636e\u7ed3\u6784ID\u4e3a4\u6211\u662f\u6570\u636e\u7ed3\u6784ID\u4e3a4\u6211\u662f\u6570\u636e\u7ed3\u6784ID\u4e3a4\u6211\u662f\u6570\u636e\u7ed3\u6784ID\u4e3a4\u6211\u662f\u6570\u636e\u7ed3\u6784ID\u4e3a4\u6211\u662f\u6570\u636e\u7ed3\u6784ID\u4e3a4\u6211\u662f\u6570\u636e\u7ed3\u6784ID\u4e3a4\u6211\u662f\u6570\u636e\u7ed3\u6784ID\u4e3a4\u6211\u662f\u6570\u636e\u7ed3\u6784ID\u4e3a4\u6211\u662f\u6570\u636e\u7ed3\u6784ID\u4e3a4\u6211\u662f\u6570\u636e\u7ed3\u6784ID\u4e3a4\u6211\u662f\u6570\u636e\u7ed3\u6784ID\u4e3a4\u6211\u662f\u6570\u636e\u7ed3\u6784ID\u4e3a4\u6211\u662f\u6570\u636e\u7ed3\u6784ID\u4e3a4\u6211\u662f\u6570\u636e\u7ed3\u6784ID\u4e3a4\u6211\u662f\u6570\u636e\u7ed3\u6784ID\u4e3a4\u6211\u662f\u6570\u636e\u7ed3\u6784ID\u4e3a4\u6211\u662f\u6570\u636e\u7ed3\u6784ID\u4e3a4\u6211\u662f\u6570\u636e\u7ed3\u6784ID\u4e3a4\u6211\u662f\u6570\u636e\u7ed3\u6784ID\u4e3a4\u6211\u662f\u6570\u636e\u7ed3\u6784ID\u4e3a4\u6211\u662f\u6570\u636e\u7ed3\u6784ID\u4e3a4\u6211\u662f\u6570\u636e\u7ed3\u6784ID\u4e3a4\u6211\u662f\u6570\u636e\u7ed3\u6784ID\u4e3a4\u6211\u662f\u6570\u636e\u7ed3\u6784ID\u4e3a4\u6211\u662f\u6570\u636e\u7ed3\u6784ID\u4e3a4\u6211\u662f\u6570\u636e\u7ed3\u6784ID\u4e3a4\u6211\u662f\u6570\u636e\u7ed3\u6784ID\u4e3a4\u6211\u662f\u6570\u636e\u7ed3\u6784ID\u4e3a4\u6211\u662f\u6570\u636e\u7ed3\u6784ID\u4e3a4\u6211\u662f\u6570\u636e\u7ed3\u6784ID\u4e3a4\u6211\u662f\u6570\u636e\u7ed3\u6784ID\u4e3a4\u6211\u662f\u6570\u636e\u7ed3\u6784ID\u4e3a4\u6211\u662f\u6570\u636e\u7ed3\u6784ID\u4e3a4\u6211\u662f\u6570\u636e\u7ed3\u6784ID\u4e3a4\u6211\u662f\u6570\u636e\u7ed3\u6784ID\u4e3a4\u6211\u662f\u6570\u636e\u7ed3\u6784ID\u4e3a4\u6211\u662f\u6570\u636e\u7ed3\u6784ID\u4e3a4\u6211\u662f\u6570\u636e\u7ed3\u6784ID\u4e3a4\u6211\u662f\u6570\u636e\u7ed3\u6784ID\u4e3a4\u6211\u662f\u6570\u636e\u7ed3\u6784ID\u4e3a4\u6211\u662f\u6570\u636e\u7ed3\u6784ID\u4e3a4\u6211\u662f\u6570\u636e\u7ed3\u6784ID\u4e3a4\u6211\u662f\u6570\u636e\u7ed3\u6784ID\u4e3a4\u6211\u662f\u6570\u636e\u7ed3\u6784ID\u4e3a4\u6211\u662f\u6570\u636e\u7ed3\u6784ID\u4e3a4\u6211\u662f\u6570\u636e\u7ed3\u6784ID\u4e3a4\u6211\u662f\u6570\u636e\u7ed3\u6784ID\u4e3a4\u6211\u662f\u6570\u636e\u7ed3\u6784ID\u4e3a4\u6211\u662f\u6570\u636e\u7ed3\u6784ID\u4e3a4\u6211\u662f\u6570\u636e\u7ed3\u6784ID\u4e3a4\u6211\u662f\u6570\u636e\u7ed3\u6784ID\u4e3a4\u6211\u662f\u6570\u636e\u7ed3\u6784ID\u4e3a4\u6211\u662f\u6570\u636e\u7ed3\u6784ID\u4e3a4\u6211\u662f\u6570\u636e\u7ed3\u6784ID\u4e3a4\u6211\u662f\u6570\u636e\u7ed3\u6784ID\u4e3a4\u6211\u662f\u6570\u636e\u7ed3\u6784ID\u4e3a4\u6211\u662f\u6570\u636e\u7ed3\u6784ID\u4e3a4\u6211\u662f\u6570\u636e\u7ed3\u6784ID\u4e3a4\u6211\u662f\u6570\u636e\u7ed3\u6784ID\u4e3a4\u6211\u662f\u6570\u636e\u7ed3\u6784ID\u4e3a4\u6211\u662f\u6570\u636e\u7ed3\u6784ID\u4e3a4\u6211\u662f\u6570\u636e\u7ed3\u6784ID\u4e3a4\u6211\u662f\u6570\u636e\u7ed3\u6784ID\u4e3a4</p>", "author": 2, "create_time": "2020-03-29T03:21:42.125Z", "last_updated_time": "2020-03-29T03:21:42.125Z"}}, {"model": "blog.blog", "pk": 7, "fields": {"title": "\u6211\u662f\u751f\u6d3b\u548c\u8bc1\u660eID\u4e3a7", "blog_type": 7, "content": "<p>\u6211\u662f\u751f\u6d3b\u548c\u8bc1\u660eID\u4e3a7\u6211\u662f\u751f\u6d3b\u548c\u8bc1\u660eID\u4e3a7\u6211\u662f\u751f\u6d3b\u548c\u8bc1\u660eID\u4e3a7\u6211\u662f\u751f\u6d3b\u548c\u8bc1\u660eID\u4e3a7\u6211\u662f\u751f\u6d3b\u548c\u8bc1\u660eID\u4e3a7\u6211\u662f\u751f\u6d3b\u548c\u8bc1\u660eID\u4e3a7\u6211\u662f\u751f\u6d3b\u548c\u8bc1\u660eID\u4e3a7\u6211\u662f\u751f\u6d3b\u548c\u8bc1\u660eID\u4e3a7\u6211\u662f\u751f\u6d3b\u548c\u8bc1\u660eID\u4e3a7\u6211\u662f\u751f\u6d3b\u548c\u8bc1\u660eID\u4e3a7\u6211\u662f\u751f\u6d3b\u548c\u8bc1\u660eID\u4e3a7\u6211\u662f\u751f\u6d3b\u548c\u8bc1\u660eID\u4e3a7\u6211\u662f\u751f\u6d3b\u548c\u8bc1\u660eID\u4e3a7\u6211\u662f\u751f\u6d3b\u548c\u8bc1\u660eID\u4e3a7\u6211\u662f\u751f\u6d3b\u548c\u8bc1\u660eID\u4e3a7\u6211\u662f\u751f\u6d3b\u548c\u8bc1\u660eID\u4e3a7\u6211\u662f\u751f\u6d3b\u548c\u8bc1\u660eID\u4e3a7\u6211\u662f\u751f\u6d3b\u548c\u8bc1\u660eID\u4e3a7\u6211\u662f\u751f\u6d3b\u548c\u8bc1\u660eID\u4e3a7\u6211\u662f\u751f\u6d3b\u548c\u8bc1\u660eID\u4e3a7\u6211\u662f\u751f\u6d3b\u548c\u8bc1\u660eID\u4e3a7\u6211\u662f\u751f\u6d3b\u548c\u8bc1\u660eID\u4e3a7\u6211\u662f\u751f\u6d3b\u548c\u8bc1\u660eID\u4e3a7\u6211\u662f\u751f\u6d3b\u548c\u8bc1\u660eID\u4e3a7\u6211\u662f\u751f\u6d3b\u548c\u8bc1\u660eID\u4e3a7\u6211\u662f\u751f\u6d3b\u548c\u8bc1\u660eID\u4e3a7\u6211\u662f\u751f\u6d3b\u548c\u8bc1\u660eID\u4e3a7\u6211\u662f\u751f\u6d3b\u548c\u8bc1\u660eID\u4e3a7\u6211\u662f\u751f\u6d3b\u548c\u8bc1\u660eID\u4e3a7\u6211\u662f\u751f\u6d3b\u548c\u8bc1\u660eID\u4e3a7\u6211\u662f\u751f\u6d3b\u548c\u8bc1\u660eID\u4e3a7\u6211\u662f\u751f\u6d3b\u548c\u8bc1\u660eID\u4e3a7\u6211\u662f\u751f\u6d3b\u548c\u8bc1\u660eID\u4e3a7\u6211\u662f\u751f\u6d3b\u548c\u8bc1\u660eID\u4e3a7\u6211\u662f\u751f\u6d3b\u548c\u8bc1\u660eID\u4e3a7\u6211\u662f\u751f\u6d3b\u548c\u8bc1\u660eID\u4e3a7\u6211\u662f\u751f\u6d3b\u548c\u8bc1\u660eID\u4e3a7\u6211\u662f\u751f\u6d3b\u548c\u8bc1\u660eID\u4e3a7\u6211\u662f\u751f\u6d3b\u548c\u8bc1\u660eID\u4e3a7\u6211\u662f\u751f\u6d3b\u548c\u8bc1\u660eID\u4e3a7\u6211\u662f\u751f\u6d3b\u548c\u8bc1\u660eID\u4e3a7\u6211\u662f\u751f\u6d3b\u548c\u8bc1\u660eID\u4e3a7\u6211\u662f\u751f\u6d3b\u548c\u8bc1\u660eID\u4e3a7\u6211\u662f\u751f\u6d3b\u548c\u8bc1\u660eID\u4e3a7\u6211\u662f\u751f\u6d3b\u548c\u8bc1\u660eID\u4e3a7\u6211\u662f\u751f\u6d3b\u548c\u8bc1\u660eID\u4e3a7\u6211\u662f\u751f\u6d3b\u548c\u8bc1\u660eID\u4e3a7\u6211\u662f\u751f\u6d3b\u548c\u8bc1\u660eID\u4e3a7\u6211\u662f\u751f\u6d3b\u548c\u8bc1\u660eID\u4e3a7\u6211\u662f\u751f\u6d3b\u548c\u8bc1\u660eID\u4e3a7\u6211\u662f\u751f\u6d3b\u548c\u8bc1\u660eID\u4e3a7\u6211\u662f\u751f\u6d3b\u548c\u8bc1\u660eID\u4e3a7\u6211\u662f\u751f\u6d3b\u548c\u8bc1\u660eID\u4e3a7\u6211\u662f\u751f\u6d3b\u548c\u8bc1\u660eID\u4e3a7\u6211\u662f\u751f\u6d3b\u548c\u8bc1\u660eID\u4e3a7\u6211\u662f\u751f\u6d3b\u548c\u8bc1\u660eID\u4e3a7\u6211\u662f\u751f\u6d3b\u548c\u8bc1\u660eID\u4e3a7\u6211\u662f\u751f\u6d3b\u548c\u8bc1\u660eID\u4e3a7\u6211\u662f\u751f\u6d3b\u548c\u8bc1\u660eID\u4e3a7\u6211\u662f\u751f\u6d3b\u548c\u8bc1\u660eID\u4e3a7\u6211\u662f\u751f\u6d3b\u548c\u8bc1\u660eID\u4e3a7\u6211\u662f\u751f\u6d3b\u548c\u8bc1\u660eID\u4e3a7\u6211\u662f\u751f\u6d3b\u548c\u8bc1\u660eID\u4e3a7\u6211\u662f\u751f\u6d3b\u548c\u8bc1\u660eID\u4e3a7\u6211\u662f\u751f\u6d3b\u548c\u8bc1\u660eID\u4e3a7\u6211\u662f\u751f\u6d3b\u548c\u8bc1\u660eID\u4e3a7\u6211\u662f\u751f\u6d3b\u548c\u8bc1\u660eID\u4e3a7\u6211\u662f\u751f\u6d3b\u548c\u8bc1\u660eID\u4e3a7\u6211\u662f\u751f\u6d3b\u548c\u8bc1\u660eID\u4e3a7\u6211\u662f\u751f\u6d3b\u548c\u8bc1\u660eID\u4e3a7\u6211\u662f\u751f\u6d3b\u548c\u8bc1\u660eID\u4e3a7\u6211\u662f\u751f\u6d3b\u548c\u8bc1\u660eID\u4e3a7\u6211\u662f\u751f\u6d3b\u548c\u8bc1\u660eID\u4e3a7\u6211\u662f\u751f\u6d3b\u548c\u8bc1\u660eID\u4e3a7\u6211\u662f\u751f\u6d3b\u548c\u8bc1\u660eID\u4e3a7\u6211\u662f\u751f\u6d3b\u548c\u8bc1\u660eID\u4e3a7\u6211\u662f\u751f\u6d3b\u548c\u8bc1\u660eID\u4e3a7\u6211\u662f\u751f\u6d3b\u548c\u8bc1\u660eID\u4e3a7\u6211\u662f\u751f\u6d3b\u548c\u8bc1\u660eID\u4e3a7\u6211\u662f\u751f\u6d3b\u548c\u8bc1\u660eID\u4e3a7\u6211\u662f\u751f\u6d3b\u548c\u8bc1\u660eID\u4e3a7\u6211\u662f\u751f\u6d3b\u548c\u8bc1\u660eID\u4e3a7\u6211\u662f\u751f\u6d3b\u548c\u8bc1\u660eID\u4e3a7\u6211\u662f\u751f\u6d3b\u548c\u8bc1\u660eID\u4e3a7\u6211\u662f\u751f\u6d3b\u548c\u8bc1\u660eID\u4e3a7\u6211\u662f\u751f\u6d3b\u548c\u8bc1\u660eID\u4e3a7\u6211\u662f\u751f\u6d3b\u548c\u8bc1\u660eID\u4e3a7\u6211\u662f\u751f\u6d3b\u548c\u8bc1\u660eID\u4e3a7\u6211\u662f\u751f\u6d3b\u548c\u8bc1\u660eID\u4e3a7\u6211\u662f\u751f\u6d3b\u548c\u8bc1\u660eID\u4e3a7</p>", "author": 2, "create_time": "2020-03-29T03:22:23.527Z", "last_updated_time": "2020-03-29T05:05:14.544Z"}}, {"model": "blog.blog", "pk": 8, "fields": {"title": "\u5176\u4ed6\u6211\u7684ID\u4e3a8", "blog_type": 8, "content": "<p>\u5176\u4ed6\u6211\u7684ID\u4e3a8\u5176\u4ed6\u6211\u7684ID\u4e3a8\u5176\u4ed6\u6211\u7684ID\u4e3a8\u5176\u4ed6\u6211\u7684ID\u4e3a8\u5176\u4ed6\u6211\u7684ID\u4e3a8\u5176\u4ed6\u6211\u7684ID\u4e3a8\u5176\u4ed6\u6211\u7684ID\u4e3a8\u5176\u4ed6\u6211\u7684ID\u4e3a8\u5176\u4ed6\u6211\u7684ID\u4e3a8\u5176\u4ed6\u6211\u7684ID\u4e3a8\u5176\u4ed6\u6211\u7684ID\u4e3a8\u5176\u4ed6\u6211\u7684ID\u4e3a8\u5176\u4ed6\u6211\u7684ID\u4e3a8\u5176\u4ed6\u6211\u7684ID\u4e3a8\u5176\u4ed6\u6211\u7684ID\u4e3a8\u5176\u4ed6\u6211\u7684ID\u4e3a8\u5176\u4ed6\u6211\u7684ID\u4e3a8\u5176\u4ed6\u6211\u7684ID\u4e3a8\u5176\u4ed6\u6211\u7684ID\u4e3a8\u5176\u4ed6\u6211\u7684ID\u4e3a8\u5176\u4ed6\u6211\u7684ID\u4e3a8\u5176\u4ed6\u6211\u7684ID\u4e3a8\u5176\u4ed6\u6211\u7684ID\u4e3a8\u5176\u4ed6\u6211\u7684ID\u4e3a8\u5176\u4ed6\u6211\u7684ID\u4e3a8\u5176\u4ed6\u6211\u7684ID\u4e3a8\u5176\u4ed6\u6211\u7684ID\u4e3a8\u5176\u4ed6\u6211\u7684ID\u4e3a8\u5176\u4ed6\u6211\u7684ID\u4e3a8\u5176\u4ed6\u6211\u7684ID\u4e3a8\u5176\u4ed6\u6211\u7684ID\u4e3a8\u5176\u4ed6\u6211\u7684ID\u4e3a8\u5176\u4ed6\u6211\u7684ID\u4e3a8\u5176\u4ed6\u6211\u7684ID\u4e3a8\u5176\u4ed6\u6211\u7684ID\u4e3a8\u5176\u4ed6\u6211\u7684ID\u4e3a8\u5176\u4ed6\u6211\u7684ID\u4e3a8\u5176\u4ed6\u6211\u7684ID\u4e3a8\u5176\u4ed6\u6211\u7684ID\u4e3a8\u5176\u4ed6\u6211\u7684ID\u4e3a8\u5176\u4ed6\u6211\u7684ID\u4e3a8\u5176\u4ed6\u6211\u7684ID\u4e3a8\u5176\u4ed6\u6211\u7684ID\u4e3a8\u5176\u4ed6\u6211\u7684ID\u4e3a8\u5176\u4ed6\u6211\u7684ID\u4e3a8\u5176\u4ed6\u6211\u7684ID\u4e3a8\u5176\u4ed6\u6211\u7684ID\u4e3a8\u5176\u4ed6\u6211\u7684ID\u4e3a8\u5176\u4ed6\u6211\u7684ID\u4e3a8\u5176\u4ed6\u6211\u7684ID\u4e3a8\u5176\u4ed6\u6211\u7684ID\u4e3a8\u5176\u4ed6\u6211\u7684ID\u4e3a8\u5176\u4ed6\u6211\u7684ID\u4e3a8\u5176\u4ed6\u6211\u7684ID\u4e3a8\u5176\u4ed6\u6211\u7684ID\u4e3a8\u5176\u4ed6\u6211\u7684ID\u4e3a8\u5176\u4ed6\u6211\u7684ID\u4e3a8\u5176\u4ed6\u6211\u7684ID\u4e3a8\u5176\u4ed6\u6211\u7684ID\u4e3a8\u5176\u4ed6\u6211\u7684ID\u4e3a8\u5176\u4ed6\u6211\u7684ID\u4e3a8\u5176\u4ed6\u6211\u7684ID\u4e3a8\u5176\u4ed6\u6211\u7684ID\u4e3a8\u5176\u4ed6\u6211\u7684ID\u4e3a8\u5176\u4ed6\u6211\u7684ID\u4e3a8\u5176\u4ed6\u6211\u7684ID\u4e3a8\u5176\u4ed6\u6211\u7684ID\u4e3a8\u5176\u4ed6\u6211\u7684ID\u4e3a8\u5176\u4ed6\u6211\u7684ID\u4e3a8\u5176\u4ed6\u6211\u7684ID\u4e3a8\u5176\u4ed6\u6211\u7684ID\u4e3a8\u5176\u4ed6\u6211\u7684ID\u4e3a8\u5176\u4ed6\u6211\u7684ID\u4e3a8\u5176\u4ed6\u6211\u7684ID\u4e3a8\u5176\u4ed6\u6211\u7684ID\u4e3a8\u5176\u4ed6\u6211\u7684ID\u4e3a8\u5176\u4ed6\u6211\u7684ID\u4e3a8\u5176\u4ed6\u6211\u7684ID\u4e3a8\u5176\u4ed6\u6211\u7684ID\u4e3a8\u5176\u4ed6\u6211\u7684ID\u4e3a8\u5176\u4ed6\u6211\u7684ID\u4e3a8\u5176\u4ed6\u6211\u7684ID\u4e3a8\u5176\u4ed6\u6211\u7684ID\u4e3a8\u5176\u4ed6\u6211\u7684ID\u4e3a8\u5176\u4ed6\u6211\u7684ID\u4e3a8\u5176\u4ed6\u6211\u7684ID\u4e3a8\u5176\u4ed6\u6211\u7684ID\u4e3a8\u5176\u4ed6\u6211\u7684ID\u4e3a8\u5176\u4ed6\u6211\u7684ID\u4e3a8\u5176\u4ed6\u6211\u7684ID\u4e3a8\u5176\u4ed6\u6211\u7684ID\u4e3a8\u5176\u4ed6\u6211\u7684ID\u4e3a8\u5176\u4ed6\u6211\u7684ID\u4e3a8\u5176\u4ed6\u6211\u7684ID\u4e3a8\u5176\u4ed6\u6211\u7684ID\u4e3a8\u5176\u4ed6\u6211\u7684ID\u4e3a8\u5176\u4ed6\u6211\u7684ID\u4e3a8\u5176\u4ed6\u6211\u7684ID\u4e3a8\u5176\u4ed6\u6211\u7684ID\u4e3a8\u5176\u4ed6\u6211\u7684ID\u4e3a8\u5176\u4ed6\u6211\u7684ID\u4e3a8\u5176\u4ed6\u6211\u7684ID\u4e3a8\u5176\u4ed6\u6211\u7684ID\u4e3a8\u5176\u4ed6\u6211\u7684ID\u4e3a8\u5176\u4ed6\u6211\u7684ID\u4e3a8\u5176\u4ed6\u6211\u7684ID\u4e3a8\u5176\u4ed6\u6211\u7684ID\u4e3a8\u5176\u4ed6\u6211\u7684ID\u4e3a8\u5176\u4ed6\u6211\u7684ID\u4e3a8\u5176\u4ed6\u6211\u7684ID\u4e3a8\u5176\u4ed6\u6211\u7684ID\u4e3a8\u5176\u4ed6\u6211\u7684ID\u4e3a8\u5176\u4ed6\u6211\u7684ID\u4e3a8\u5176\u4ed6\u6211\u7684ID\u4e3a8\u5176\u4ed6\u6211\u7684ID\u4e3a8\u5176\u4ed6\u6211\u7684ID\u4e3a8\u5176\u4ed6\u6211\u7684ID\u4e3a8\u5176\u4ed6\u6211\u7684ID\u4e3a8\u5176\u4ed6\u6211\u7684ID\u4e3a8</p>", "author": 2, "create_time": "2020-03-29T03:22:54.668Z", "last_updated_time": "2020-03-29T03:22:54.668Z"}}, {"model": "blog.blog", "pk": 9, "fields": {"title": "django1", "blog_type": 1, "content": "<p>\u6211\u662f\u6253\u6211\u5feb\u53d1\u5feb\u53d1io\u8985\u54e6\u554a\u653e\u5047\u54e6\u6211\u662f\u6253\u6211\u5feb\u53d1\u5feb\u53d1io\u8985\u54e6\u554a\u653e\u5047\u54e6\u6211\u662f\u6253\u6211\u5feb\u53d1\u5feb\u53d1io\u8985\u54e6\u554a\u653e\u5047\u54e6\u6211\u662f\u6253\u6211\u5feb\u53d1\u5feb\u53d1io\u8985\u54e6\u554a\u653e\u5047\u54e6\u6211\u662f\u6253\u6211\u5feb\u53d1\u5feb\u53d1io\u8985\u54e6\u554a\u653e\u5047\u54e6\u6211\u662f\u6253\u6211\u5feb\u53d1\u5feb\u53d1io\u8985\u54e6\u554a\u653e\u5047\u54e6\u6211\u662f\u6253\u6211\u5feb\u53d1\u5feb\u53d1io\u8985\u54e6\u554a\u653e\u5047\u54e6\u6211\u662f\u6253\u6211\u5feb\u53d1\u5feb\u53d1io\u8985\u54e6\u554a\u653e\u5047\u54e6\u6211\u662f\u6253\u6211\u5feb\u53d1\u5feb\u53d1io\u8985\u54e6\u554a\u653e\u5047\u54e6\u6211\u662f\u6253\u6211\u5feb\u53d1\u5feb\u53d1io\u8985\u54e6\u554a\u653e\u5047\u54e6\u6211\u662f\u6253\u6211\u5feb\u53d1\u5feb\u53d1io\u8985\u54e6\u554a\u653e\u5047\u54e6\u6211\u662f\u6253\u6211\u5feb\u53d1\u5feb\u53d1io\u8985\u54e6\u554a\u653e\u5047\u54e6\u6211\u662f\u6253\u6211\u5feb\u53d1\u5feb\u53d1io\u8985\u54e6\u554a\u653e\u5047\u54e6\u6211\u662f\u6253\u6211\u5feb\u53d1\u5feb\u53d1io\u8985\u54e6\u554a\u653e\u5047\u54e6\u6211\u662f\u6253\u6211\u5feb\u53d1\u5feb\u53d1io\u8985\u54e6\u554a\u653e\u5047\u54e6\u6211\u662f\u6253\u6211\u5feb\u53d1\u5feb\u53d1io\u8985\u54e6\u554a\u653e\u5047\u54e6\u6211\u662f\u6253\u6211\u5feb\u53d1\u5feb\u53d1io\u8985\u54e6\u554a\u653e\u5047\u54e6\u6211\u662f\u6253\u6211\u5feb\u53d1\u5feb\u53d1io\u8985\u54e6\u554a\u653e\u5047\u54e6\u6211\u662f\u6253\u6211\u5feb\u53d1\u5feb\u53d1io\u8985\u54e6\u554a\u653e\u5047\u54e6\u6211\u662f\u6253\u6211\u5feb\u53d1\u5feb\u53d1io\u8985\u54e6\u554a\u653e\u5047\u54e6\u6211\u662f\u6253\u6211\u5feb\u53d1\u5feb\u53d1io\u8985\u54e6\u554a\u653e\u5047\u54e6\u6211\u662f\u6253\u6211\u5feb\u53d1\u5feb\u53d1io\u8985\u54e6\u554a\u653e\u5047\u54e6\u6211\u662f\u6253\u6211\u5feb\u53d1\u5feb\u53d1io\u8985\u54e6\u554a\u653e\u5047\u54e6\u6211\u662f\u6253\u6211\u5feb\u53d1\u5feb\u53d1io\u8985\u54e6\u554a\u653e\u5047\u54e6\u6211\u662f\u6253\u6211\u5feb\u53d1\u5feb\u53d1io\u8985\u54e6\u554a\u653e\u5047\u54e6\u6211\u662f\u6253\u6211\u5feb\u53d1\u5feb\u53d1io\u8985\u54e6\u554a\u653e\u5047\u54e6\u6211\u662f\u6253\u6211\u5feb\u53d1\u5feb\u53d1io\u8985\u54e6\u554a\u653e\u5047\u54e6\u6211\u662f\u6253\u6211\u5feb\u53d1\u5feb\u53d1io\u8985\u54e6\u554a\u653e\u5047\u54e6\u6211\u662f\u6253\u6211\u5feb\u53d1\u5feb\u53d1io\u8985\u54e6\u554a\u653e\u5047\u54e6\u6211\u662f\u6253\u6211\u5feb\u53d1\u5feb\u53d1io\u8985\u54e6\u554a\u653e\u5047\u54e6\u6211\u662f\u6253\u6211\u5feb\u53d1\u5feb\u53d1io\u8985\u54e6\u554a\u653e\u5047\u54e6\u6211\u662f\u6253\u6211\u5feb\u53d1\u5feb\u53d1io\u8985\u54e6\u554a\u653e\u5047\u54e6\u6211\u662f\u6253\u6211\u5feb\u53d1\u5feb\u53d1io\u8985\u54e6\u554a\u653e\u5047\u54e6\u6211\u662f\u6253\u6211\u5feb\u53d1\u5feb\u53d1io\u8985\u54e6\u554a\u653e\u5047\u54e6\u6211\u662f\u6253\u6211\u5feb\u53d1\u5feb\u53d1io\u8985\u54e6\u554a\u653e\u5047\u54e6\u6211\u662f\u6253\u6211\u5feb\u53d1\u5feb\u53d1io\u8985\u54e6\u554a\u653e\u5047\u54e6\u6211\u662f\u6253\u6211\u5feb\u53d1\u5feb\u53d1io\u8985\u54e6\u554a\u653e\u5047\u54e6\u6211\u662f\u6253\u6211\u5feb\u53d1\u5feb\u53d1io\u8985\u54e6\u554a\u653e\u5047\u54e6\u6211\u662f\u6253\u6211\u5feb\u53d1\u5feb\u53d1io\u8985\u54e6\u554a\u653e\u5047\u54e6\u6211\u662f\u6253\u6211\u5feb\u53d1\u5feb\u53d1io\u8985\u54e6\u554a\u653e\u5047\u54e6\u6211\u662f\u6253\u6211\u5feb\u53d1\u5feb\u53d1io\u8985\u54e6\u554a\u653e\u5047\u54e6\u6211\u662f\u6253\u6211\u5feb\u53d1\u5feb\u53d1io\u8985\u54e6\u554a\u653e\u5047\u54e6</p>", "author": 3, "create_time": "2020-03-31T13:31:36.324Z", "last_updated_time": "2020-03-31T13:31:36.324Z"}}, {"model": "blog.blog", "pk": 10, "fields": {"title": "fjahfahfoafhaha", "blog_type": 1, "content": "<p>fafafafafafacsfc\u53d1\u554a\u5443\u5443vs\u53d1V\u65e5\u670dV\u4ebafafafafafafacsfc\u53d1\u554a\u5443\u5443vs\u53d1V\u65e5\u670dV\u4ebafafafafafafacsfc\u53d1\u554a\u5443\u5443vs\u53d1V\u65e5\u670dV\u4ebafafafafafafacsfc\u53d1\u554a\u5443\u5443vs\u53d1V\u65e5\u670dV\u4ebafafafafafafacsfc\u53d1\u554a\u5443\u5443vs\u53d1V\u65e5\u670dV\u4ebafafafafafafacsfc\u53d1\u554a\u5443\u5443vs\u53d1V\u65e5\u670dV\u4ebafafafafafafacsfc\u53d1\u554a\u5443\u5443vs\u53d1V\u65e5\u670dV\u4ebafafafafafafacsfc\u53d1\u554a\u5443\u5443vs\u53d1V\u65e5\u670dV\u4ebafafafafafafacsfc\u53d1\u554a\u5443\u5443vs\u53d1V\u65e5\u670dV\u4ebafafafafafafacsfc\u53d1\u554a\u5443\u5443vs\u53d1V\u65e5\u670dV\u4ebafafafafafafacsfc\u53d1\u554a\u5443\u5443vs\u53d1V\u65e5\u670dV\u4ebafafafafafafacsfc\u53d1\u554a\u5443\u5443vs\u53d1V\u65e5\u670dV\u4ebafafafafafafacsfc\u53d1\u554a\u5443\u5443vs\u53d1V\u65e5\u670dV\u4ebafafafafafafacsfc\u53d1\u554a\u5443\u5443vs\u53d1V\u65e5\u670dV\u4ebafafafafafafacsfc\u53d1\u554a\u5443\u5443vs\u53d1V\u65e5\u670dV\u4ebafafafafafafacsfc\u53d1\u554a\u5443\u5443vs\u53d1V\u65e5\u670dV\u4ebafafafafafafacsfc\u53d1\u554a\u5443\u5443vs\u53d1V\u65e5\u670dV\u4ebafafafafafafacsfc\u53d1\u554a\u5443\u5443vs\u53d1V\u65e5\u670dV\u4ebafafafafafafacsfc\u53d1\u554a\u5443\u5443vs\u53d1V\u65e5\u670dV\u4ebafafafafafafacsfc\u53d1\u554a\u5443\u5443vs\u53d1V\u65e5\u670dV\u4ebafafafafafafacsfc\u53d1\u554a\u5443\u5443vs\u53d1V\u65e5\u670dV\u4ebafafafafafafacsfc\u53d1\u554a\u5443\u5443vs\u53d1V\u65e5\u670dV\u4ebafafafafafafacsfc\u53d1\u554a\u5443\u5443vs\u53d1V\u65e5\u670dV\u4ebafafafafafafacsfc\u53d1\u554a\u5443\u5443vs\u53d1V\u65e5\u670dV\u4ebafafafafafafacsfc\u53d1\u554a\u5443\u5443vs\u53d1V\u65e5\u670dV\u4ebafafafafafafacsfc\u53d1\u554a\u5443\u5443vs\u53d1V\u65e5\u670dV\u4ebafafafafafafacsfc\u53d1\u554a\u5443\u5443vs\u53d1V\u65e5\u670dV\u4ebafafafafafafacsfc\u53d1\u554a\u5443\u5443vs\u53d1V\u65e5\u670dV\u4ebafafafafafafacsfc\u53d1\u554a\u5443\u5443vs\u53d1V\u65e5\u670dV\u4ebafafafafafafacsfc\u53d1\u554a\u5443\u5443vs\u53d1V\u65e5\u670dV\u4ebafafafafafafacsfc\u53d1\u554a\u5443\u5443vs\u53d1V\u65e5\u670dV\u4ebafafafafafafacsfc\u53d1\u554a\u5443\u5443vs\u53d1V\u65e5\u670dV\u4ebafafafafafafacsfc\u53d1\u554a\u5443\u5443vs\u53d1V\u65e5\u670dV\u4ebafafafafafafacsfc\u53d1\u554a\u5443\u5443vs\u53d1V\u65e5\u670dV\u4ebafafafafafafacsfc\u53d1\u554a\u5443\u5443vs\u53d1V\u65e5\u670dV\u4ebafafafafafafacsfc\u53d1\u554a\u5443\u5443vs\u53d1V\u65e5\u670dV\u4ebafafafafafafacsfc\u53d1\u554a\u5443\u5443vs\u53d1V\u65e5\u670dV\u4ebafafafafafafacsfc\u53d1\u554a\u5443\u5443vs\u53d1V\u65e5\u670dV\u4eba</p>", "author": 4, "create_time": "2020-03-31T13:31:59.296Z", "last_updated_time": "2020-03-31T13:31:59.296Z"}}, {"model": "blog.blog", "pk": 11, "fields": {"title": "\u53d1\u53d1  \u6cd5\u4fc4\u670d\u8272", "blog_type": 1, "content": "<p>\u53d1\u989d\u5676\u989d\u54e5\u54e5\u521a\u521a\u6536\u4e2a\u7ed9\u6211\u4e2a\u53d1\u989d\u5676\u989d\u54e5\u54e5\u521a\u521a\u6536\u4e2a\u7ed9\u6211\u4e2a\u53d1\u989d\u5676\u989d\u54e5\u54e5\u521a\u521a\u6536\u4e2a\u7ed9\u6211\u4e2a\u53d1\u989d\u5676\u989d\u54e5\u54e5\u521a\u521a\u6536\u4e2a\u7ed9\u6211\u4e2a\u53d1\u989d\u5676\u989d\u54e5\u54e5\u521a\u521a\u6536\u4e2a\u7ed9\u6211\u4e2a\u53d1\u989d\u5676\u989d\u54e5\u54e5\u521a\u521a\u6536\u4e2a\u7ed9\u6211\u4e2a\u53d1\u989d\u5676\u989d\u54e5\u54e5\u521a\u521a\u6536\u4e2a\u7ed9\u6211\u4e2a\u53d1\u989d\u5676\u989d\u54e5\u54e5\u521a\u521a\u6536\u4e2a\u7ed9\u6211\u4e2a\u53d1\u989d\u5676\u989d\u54e5\u54e5\u521a\u521a\u6536\u4e2a\u7ed9\u6211\u4e2a\u53d1\u989d\u5676\u989d\u54e5\u54e5\u521a\u521a\u6536\u4e2a\u7ed9\u6211\u4e2a\u53d1\u989d\u5676\u989d\u54e5\u54e5\u521a\u521a\u6536\u4e2a\u7ed9\u6211\u4e2a\u53d1\u989d\u5676\u989d\u54e5\u54e5\u521a\u521a\u6536\u4e2a\u7ed9\u6211\u4e2a\u53d1\u989d\u5676\u989d\u54e5\u54e5\u521a\u521a\u6536\u4e2a\u7ed9\u6211\u4e2a\u53d1\u989d\u5676\u989d\u54e5\u54e5\u521a\u521a\u6536\u4e2a\u7ed9\u6211\u4e2a\u53d1\u989d\u5676\u989d\u54e5\u54e5\u521a\u521a\u6536\u4e2a\u7ed9\u6211\u4e2a\u53d1\u989d\u5676\u989d\u54e5\u54e5\u521a\u521a\u6536\u4e2a\u7ed9\u6211\u4e2a\u53d1\u989d\u5676\u989d\u54e5\u54e5\u521a\u521a\u6536\u4e2a\u7ed9\u6211\u4e2a\u53d1\u989d\u5676\u989d\u54e5\u54e5\u521a\u521a\u6536\u4e2a\u7ed9\u6211\u4e2a\u53d1\u989d\u5676\u989d\u54e5\u54e5\u521a\u521a\u6536\u4e2a\u7ed9\u6211\u4e2a\u53d1\u989d\u5676\u989d\u54e5\u54e5\u521a\u521a\u6536\u4e2a\u7ed9\u6211\u4e2a\u53d1\u989d\u5676\u989d\u54e5\u54e5\u521a\u521a\u6536\u4e2a\u7ed9\u6211\u4e2a\u53d1\u989d\u5676\u989d\u54e5\u54e5\u521a\u521a\u6536\u4e2a\u7ed9\u6211\u4e2a\u53d1\u989d\u5676\u989d\u54e5\u54e5\u521a\u521a\u6536\u4e2a\u7ed9\u6211\u4e2a\u53d1\u989d\u5676\u989d\u54e5\u54e5\u521a\u521a\u6536\u4e2a\u7ed9\u6211\u4e2a\u53d1\u989d\u5676\u989d\u54e5\u54e5\u521a\u521a\u6536\u4e2a\u7ed9\u6211\u4e2a\u53d1\u989d\u5676\u989d\u54e5\u54e5\u521a\u521a\u6536\u4e2a\u7ed9\u6211\u4e2a\u53d1\u989d\u5676\u989d\u54e5\u54e5\u521a\u521a\u6536\u4e2a\u7ed9\u6211\u4e2a\u53d1\u989d\u5676\u989d\u54e5\u54e5\u521a\u521a\u6536\u4e2a\u7ed9\u6211\u4e2a\u53d1\u989d\u5676\u989d\u54e5\u54e5\u521a\u521a\u6536\u4e2a\u7ed9\u6211\u4e2a\u53d1\u989d\u5676\u989d\u54e5\u54e5\u521a\u521a\u6536\u4e2a\u7ed9\u6211\u4e2a\u53d1\u989d\u5676\u989d\u54e5\u54e5\u521a\u521a\u6536\u4e2a\u7ed9\u6211\u4e2a\u53d1\u989d\u5676\u989d\u54e5\u54e5\u521a\u521a\u6536\u4e2a\u7ed9\u6211\u4e2a\u53d1\u989d\u5676\u989d\u54e5\u54e5\u521a\u521a\u6536\u4e2a\u7ed9\u6211\u4e2a\u53d1\u989d\u5676\u989d\u54e5\u54e5\u521a\u521a\u6536\u4e2a\u7ed9\u6211\u4e2a\u53d1\u989d\u5676\u989d\u54e5\u54e5\u521a\u521a\u6536\u4e2a\u7ed9\u6211\u4e2a\u53d1\u989d\u5676\u989d\u54e5\u54e5\u521a\u521a\u6536\u4e2a\u7ed9\u6211\u4e2a\u53d1\u989d\u5676\u989d\u54e5\u54e5\u521a\u521a\u6536\u4e2a\u7ed9\u6211\u4e2a\u53d1\u989d\u5676\u989d\u54e5\u54e5\u521a\u521a\u6536\u4e2a\u7ed9\u6211\u4e2a\u53d1\u989d\u5676\u989d\u54e5\u54e5\u521a\u521a\u6536\u4e2a\u7ed9\u6211\u4e2a\u53d1\u989d\u5676\u989d\u54e5\u54e5\u521a\u521a\u6536\u4e2a\u7ed9\u6211\u4e2a\u53d1\u989d\u5676\u989d\u54e5\u54e5\u521a\u521a\u6536\u4e2a\u7ed9\u6211\u4e2a\u53d1\u989d\u5676\u989d\u54e5\u54e5\u521a\u521a\u6536\u4e2a\u7ed9\u6211\u4e2a\u53d1\u989d\u5676\u989d\u54e5\u54e5\u521a\u521a\u6536\u4e2a\u7ed9\u6211\u4e2a\u53d1\u989d\u5676\u989d\u54e5\u54e5\u521a\u521a\u6536\u4e2a\u7ed9\u6211\u4e2a\u53d1\u989d\u5676\u989d\u54e5\u54e5\u521a\u521a\u6536\u4e2a\u7ed9\u6211\u4e2a\u53d1\u989d\u5676\u989d\u54e5\u54e5\u521a\u521a\u6536\u4e2a\u7ed9\u6211\u4e2a\u53d1\u989d\u5676\u989d\u54e5\u54e5\u521a\u521a\u6536\u4e2a\u7ed9\u6211\u4e2a\u53d1\u989d\u5676\u989d\u54e5\u54e5\u521a\u521a\u6536\u4e2a\u7ed9\u6211\u4e2a\u53d1\u989d\u5676\u989d\u54e5\u54e5\u521a\u521a\u6536\u4e2a\u7ed9\u6211\u4e2a\u53d1\u989d\u5676\u989d\u54e5\u54e5\u521a\u521a\u6536\u4e2a\u7ed9\u6211\u4e2a\u53d1\u989d\u5676\u989d\u54e5\u54e5\u521a\u521a\u6536\u4e2a\u7ed9\u6211\u4e2a\u53d1\u989d\u5676\u989d\u54e5\u54e5\u521a\u521a\u6536\u4e2a\u7ed9\u6211\u4e2a</p>", "author": 3, "create_time": "2020-03-31T13:32:19.479Z", "last_updated_time": "2020-03-31T13:32:19.479Z"}}, {"model": "blog.blog", "pk": 12, "fields": {"title": "\u5947\u5076\u7ea7\u54e6\u5f04\u54e6in", "blog_type": 2, "content": "<p>\u53d1\u53d1\u53d1\u53d1\u53d1\u997f\u554a\u9ad8\u9694\u70ed\u4e2a\u4eba\u8fc7\u800c\u5982\u679c\u5982\u679c\u8ba9\u4eba\u4e2a\u4eba\u4e2a\u4eba\u53d1\u53d1\u53d1\u53d1\u53d1\u997f\u554a\u9ad8\u9694\u70ed\u4e2a\u4eba\u8fc7\u800c\u5982\u679c\u5982\u679c\u8ba9\u4eba\u4e2a\u4eba\u4e2a\u4eba\u53d1\u53d1\u53d1\u53d1\u53d1\u997f\u554a\u9ad8\u9694\u70ed\u4e2a\u4eba\u8fc7\u800c\u5982\u679c\u5982\u679c\u8ba9\u4eba\u4e2a\u4eba\u4e2a\u4eba\u53d1\u53d1\u53d1\u53d1\u53d1\u997f\u554a\u9ad8\u9694\u70ed\u4e2a\u4eba\u8fc7\u800c\u5982\u679c\u5982\u679c\u8ba9\u4eba\u4e2a\u4eba\u4e2a\u4eba\u53d1\u53d1\u53d1\u53d1\u53d1\u997f\u554a\u9ad8\u9694\u70ed\u4e2a\u4eba\u8fc7\u800c\u5982\u679c\u5982\u679c\u8ba9\u4eba\u4e2a\u4eba\u4e2a\u4eba\u53d1\u53d1\u53d1\u53d1\u53d1\u997f\u554a\u9ad8\u9694\u70ed\u4e2a\u4eba\u8fc7\u800c\u5982\u679c\u5982\u679c\u8ba9\u4eba\u4e2a\u4eba\u4e2a\u4eba\u53d1\u53d1\u53d1\u53d1\u53d1\u997f\u554a\u9ad8\u9694\u70ed\u4e2a\u4eba\u8fc7\u800c\u5982\u679c\u5982\u679c\u8ba9\u4eba\u4e2a\u4eba\u4e2a\u4eba\u53d1\u53d1\u53d1\u53d1\u53d1\u997f\u554a\u9ad8\u9694\u70ed\u4e2a\u4eba\u8fc7\u800c\u5982\u679c\u5982\u679c\u8ba9\u4eba\u4e2a\u4eba\u4e2a\u4eba\u53d1\u53d1\u53d1\u53d1\u53d1\u997f\u554a\u9ad8\u9694\u70ed\u4e2a\u4eba\u8fc7\u800c\u5982\u679c\u5982\u679c\u8ba9\u4eba\u4e2a\u4eba\u4e2a\u4eba\u53d1\u53d1\u53d1\u53d1\u53d1\u997f\u554a\u9ad8\u9694\u70ed\u4e2a\u4eba\u8fc7\u800c\u5982\u679c\u5982\u679c\u8ba9\u4eba\u4e2a\u4eba\u4e2a\u4eba\u53d1\u53d1\u53d1\u53d1\u53d1\u997f\u554a\u9ad8\u9694\u70ed\u4e2a\u4eba\u8fc7\u800c\u5982\u679c\u5982\u679c\u8ba9\u4eba\u4e2a\u4eba\u4e2a\u4eba\u53d1\u53d1\u53d1\u53d1\u53d1\u997f\u554a\u9ad8\u9694\u70ed\u4e2a\u4eba\u8fc7\u800c\u5982\u679c\u5982\u679c\u8ba9\u4eba\u4e2a\u4eba\u4e2a\u4eba\u53d1\u53d1\u53d1\u53d1\u53d1\u997f\u554a\u9ad8\u9694\u70ed\u4e2a\u4eba\u8fc7\u800c\u5982\u679c\u5982\u679c\u8ba9\u4eba\u4e2a\u4eba\u4e2a\u4eba\u53d1\u53d1\u53d1\u53d1\u53d1\u997f\u554a\u9ad8\u9694\u70ed\u4e2a\u4eba\u8fc7\u800c\u5982\u679c\u5982\u679c\u8ba9\u4eba\u4e2a\u4eba\u4e2a\u4eba\u53d1\u53d1\u53d1\u53d1\u53d1\u997f\u554a\u9ad8\u9694\u70ed\u4e2a\u4eba\u8fc7\u800c\u5982\u679c\u5982\u679c\u8ba9\u4eba\u4e2a\u4eba\u4e2a\u4eba\u53d1\u53d1\u53d1\u53d1\u53d1\u997f\u554a\u9ad8\u9694\u70ed\u4e2a\u4eba\u8fc7\u800c\u5982\u679c\u5982\u679c\u8ba9\u4eba\u4e2a\u4eba\u4e2a\u4eba\u53d1\u53d1\u53d1\u53d1\u53d1\u997f\u554a\u9ad8\u9694\u70ed\u4e2a\u4eba\u8fc7\u800c\u5982\u679c\u5982\u679c\u8ba9\u4eba\u4e2a\u4eba\u4e2a\u4eba\u53d1\u53d1\u53d1\u53d1\u53d1\u997f\u554a\u9ad8\u9694\u70ed\u4e2a\u4eba\u8fc7\u800c\u5982\u679c\u5982\u679c\u8ba9\u4eba\u4e2a\u4eba\u4e2a\u4eba\u53d1\u53d1\u53d1\u53d1\u53d1\u997f\u554a\u9ad8\u9694\u70ed\u4e2a\u4eba\u8fc7\u800c\u5982\u679c\u5982\u679c\u8ba9\u4eba\u4e2a\u4eba\u4e2a\u4eba\u53d1\u53d1\u53d1\u53d1\u53d1\u997f\u554a\u9ad8\u9694\u70ed\u4e2a\u4eba\u8fc7\u800c\u5982\u679c\u5982\u679c\u8ba9\u4eba\u4e2a\u4eba\u4e2a\u4eba\u53d1\u53d1\u53d1\u53d1\u53d1\u997f\u554a\u9ad8\u9694\u70ed\u4e2a\u4eba\u8fc7\u800c\u5982\u679c\u5982\u679c\u8ba9\u4eba\u4e2a\u4eba\u4e2a\u4eba\u53d1\u53d1\u53d1\u53d1\u53d1\u997f\u554a\u9ad8\u9694\u70ed\u4e2a\u4eba\u8fc7\u800c\u5982\u679c\u5982\u679c\u8ba9\u4eba\u4e2a\u4eba\u4e2a\u4eba\u53d1\u53d1\u53d1\u53d1\u53d1\u997f\u554a\u9ad8\u9694\u70ed\u4e2a\u4eba\u8fc7\u800c\u5982\u679c\u5982\u679c\u8ba9\u4eba\u4e2a\u4eba\u4e2a\u4eba\u53d1\u53d1\u53d1\u53d1\u53d1\u997f\u554a\u9ad8\u9694\u70ed\u4e2a\u4eba\u8fc7\u800c\u5982\u679c\u5982\u679c\u8ba9\u4eba\u4e2a\u4eba\u4e2a\u4eba\u53d1\u53d1\u53d1\u53d1\u53d1\u997f\u554a\u9ad8\u9694\u70ed\u4e2a\u4eba\u8fc7\u800c\u5982\u679c\u5982\u679c\u8ba9\u4eba\u4e2a\u4eba\u4e2a\u4eba</p>", "author": 2, "create_time": "2020-03-31T13:33:01.959Z", "last_updated_time": "2020-03-31T13:33:01.959Z"}}, {"model": "blog.blog", "pk": 13, "fields": {"title": "\u53d1\u989d\u989d\u4e2a\u662f\u5b98\u65b9\u7684\u4e0d\u591f\u597d", "blog_type": 5, "content": "<p>\u53d1\u989d\u989d\u4e2a\u662f\u5b98\u65b9\u7684\u4e0d\u591f\u597d\u53d1\u989d\u989d\u4e2a\u662f\u5b98\u65b9\u7684\u4e0d\u591f\u597d\u53d1\u989d\u989d\u4e2a\u662f\u5b98\u65b9\u7684\u4e0d\u591f\u597d\u53d1\u989d\u989d\u4e2a\u662f\u5b98\u65b9\u7684\u4e0d\u591f\u597d\u53d1\u989d\u989d\u4e2a\u662f\u5b98\u65b9\u7684\u4e0d\u591f\u597d\u53d1\u989d\u989d\u4e2a\u662f\u5b98\u65b9\u7684\u4e0d\u591f\u597d\u53d1\u989d\u989d\u4e2a\u662f\u5b98\u65b9\u7684\u4e0d\u591f\u597d\u53d1\u989d\u989d\u4e2a\u662f\u5b98\u65b9\u7684\u4e0d\u591f\u597d\u53d1\u989d\u989d\u4e2a\u662f\u5b98\u65b9\u7684\u4e0d\u591f\u597d\u53d1\u989d\u989d\u4e2a\u662f\u5b98\u65b9\u7684\u4e0d\u591f\u597d\u53d1\u989d\u989d\u4e2a\u662f\u5b98\u65b9\u7684\u4e0d\u591f\u597d\u53d1\u989d\u989d\u4e2a\u662f\u5b98\u65b9\u7684\u4e0d\u591f\u597d\u53d1\u989d\u989d\u4e2a\u662f\u5b98\u65b9\u7684\u4e0d\u591f\u597d\u53d1\u989d\u989d\u4e2a\u662f\u5b98\u65b9\u7684\u4e0d\u591f\u597d\u53d1\u989d\u989d\u4e2a\u662f\u5b98\u65b9\u7684\u4e0d\u591f\u597d\u53d1\u989d\u989d\u4e2a\u662f\u5b98\u65b9\u7684\u4e0d\u591f\u597d\u53d1\u989d\u989d\u4e2a\u662f\u5b98\u65b9\u7684\u4e0d\u591f\u597d\u53d1\u989d\u989d\u4e2a\u662f\u5b98\u65b9\u7684\u4e0d\u591f\u597d\u53d1\u989d\u989d\u4e2a\u662f\u5b98\u65b9\u7684\u4e0d\u591f\u597d\u53d1\u989d\u989d\u4e2a\u662f\u5b98\u65b9\u7684\u4e0d\u591f\u597d\u53d1\u989d\u989d\u4e2a\u662f\u5b98\u65b9\u7684\u4e0d\u591f\u597d\u53d1\u989d\u989d\u4e2a\u662f\u5b98\u65b9\u7684\u4e0d\u591f\u597d\u53d1\u989d\u989d\u4e2a\u662f\u5b98\u65b9\u7684\u4e0d\u591f\u597d\u53d1\u989d\u989d\u4e2a\u662f\u5b98\u65b9\u7684\u4e0d\u591f\u597d\u53d1\u989d\u989d\u4e2a\u662f\u5b98\u65b9\u7684\u4e0d\u591f\u597d\u53d1\u989d\u989d\u4e2a\u662f\u5b98\u65b9\u7684\u4e0d\u591f\u597d\u53d1\u989d\u989d\u4e2a\u662f\u5b98\u65b9\u7684\u4e0d\u591f\u597d\u53d1\u989d\u989d\u4e2a\u662f\u5b98\u65b9\u7684\u4e0d\u591f\u597d\u53d1\u989d\u989d\u4e2a\u662f\u5b98\u65b9\u7684\u4e0d\u591f\u597d\u53d1\u989d\u989d\u4e2a\u662f\u5b98\u65b9\u7684\u4e0d\u591f\u597d\u53d1\u989d\u989d\u4e2a\u662f\u5b98\u65b9\u7684\u4e0d\u591f\u597d\u53d1\u989d\u989d\u4e2a\u662f\u5b98\u65b9\u7684\u4e0d\u591f\u597d\u53d1\u989d\u989d\u4e2a\u662f\u5b98\u65b9\u7684\u4e0d\u591f\u597d\u53d1\u989d\u989d\u4e2a\u662f\u5b98\u65b9\u7684\u4e0d\u591f\u597d\u53d1\u989d\u989d\u4e2a\u662f\u5b98\u65b9\u7684\u4e0d\u591f\u597d\u53d1\u989d\u989d\u4e2a\u662f\u5b98\u65b9\u7684\u4e0d\u591f\u597d\u53d1\u989d\u989d\u4e2a\u662f\u5b98\u65b9\u7684\u4e0d\u591f\u597d\u53d1\u989d\u989d\u4e2a\u662f\u5b98\u65b9\u7684\u4e0d\u591f\u597d\u53d1\u989d\u989d\u4e2a\u662f\u5b98\u65b9\u7684\u4e0d\u591f\u597d\u53d1\u989d\u989d\u4e2a\u662f\u5b98\u65b9\u7684\u4e0d\u591f\u597d\u53d1\u989d\u989d\u4e2a\u662f\u5b98\u65b9\u7684\u4e0d\u591f\u597d\u53d1\u989d\u989d\u4e2a\u662f\u5b98\u65b9\u7684\u4e0d\u591f\u597d\u53d1\u989d\u989d\u4e2a\u662f\u5b98\u65b9\u7684\u4e0d\u591f\u597d\u53d1\u989d\u989d\u4e2a\u662f\u5b98\u65b9\u7684\u4e0d\u591f\u597d</p>", "author": 4, "create_time": "2020-03-31T13:33:18.527Z", "last_updated_time": "2020-03-31T13:33:18.527Z"}}, {"model": "blog.blog", "pk": 14, "fields": {"title": "\u597d\u7684\u5361\u53f7\u8985\u554a\u653e\u5047\u54ce\u653e\u5047\u54e6\u5947\u5076I", "blog_type": 4, "content": "<p>\u597d\u7684\u5361\u53f7\u8985\u554a\u653e\u5047\u54ce\u653e\u5047\u54e6\u5947\u5076I\u597d\u7684\u5361\u53f7\u8985\u554a\u653e\u5047\u54ce\u653e\u5047\u54e6\u5947\u5076I\u597d\u7684\u5361\u53f7\u8985\u554a\u653e\u5047\u54ce\u653e\u5047\u54e6\u5947\u5076I\u597d\u7684\u5361\u53f7\u8985\u554a\u653e\u5047\u54ce\u653e\u5047\u54e6\u5947\u5076I\u597d\u7684\u5361\u53f7\u8985\u554a\u653e\u5047\u54ce\u653e\u5047\u54e6\u5947\u5076I\u597d\u7684\u5361\u53f7\u8985\u554a\u653e\u5047\u54ce\u653e\u5047\u54e6\u5947\u5076I\u597d\u7684\u5361\u53f7\u8985\u554a\u653e\u5047\u54ce\u653e\u5047\u54e6\u5947\u5076I\u597d\u7684\u5361\u53f7\u8985\u554a\u653e\u5047\u54ce\u653e\u5047\u54e6\u5947\u5076I\u597d\u7684\u5361\u53f7\u8985\u554a\u653e\u5047\u54ce\u653e\u5047\u54e6\u5947\u5076I\u597d\u7684\u5361\u53f7\u8985\u554a\u653e\u5047\u54ce\u653e\u5047\u54e6\u5947\u5076I\u597d\u7684\u5361\u53f7\u8985\u554a\u653e\u5047\u54ce\u653e\u5047\u54e6\u5947\u5076I\u597d\u7684\u5361\u53f7\u8985\u554a\u653e\u5047\u54ce\u653e\u5047\u54e6\u5947\u5076I\u597d\u7684\u5361\u53f7\u8985\u554a\u653e\u5047\u54ce\u653e\u5047\u54e6\u5947\u5076I\u597d\u7684\u5361\u53f7\u8985\u554a\u653e\u5047\u54ce\u653e\u5047\u54e6\u5947\u5076I\u597d\u7684\u5361\u53f7\u8985\u554a\u653e\u5047\u54ce\u653e\u5047\u54e6\u5947\u5076I\u597d\u7684\u5361\u53f7\u8985\u554a\u653e\u5047\u54ce\u653e\u5047\u54e6\u5947\u5076I\u597d\u7684\u5361\u53f7\u8985\u554a\u653e\u5047\u54ce\u653e\u5047\u54e6\u5947\u5076I\u597d\u7684\u5361\u53f7\u8985\u554a\u653e\u5047\u54ce\u653e\u5047\u54e6\u5947\u5076I\u597d\u7684\u5361\u53f7\u8985\u554a\u653e\u5047\u54ce\u653e\u5047\u54e6\u5947\u5076I\u597d\u7684\u5361\u53f7\u8985\u554a\u653e\u5047\u54ce\u653e\u5047\u54e6\u5947\u5076I\u597d\u7684\u5361\u53f7\u8985\u554a\u653e\u5047\u54ce\u653e\u5047\u54e6\u5947\u5076I\u597d\u7684\u5361\u53f7\u8985\u554a\u653e\u5047\u54ce\u653e\u5047\u54e6\u5947\u5076I\u597d\u7684\u5361\u53f7\u8985\u554a\u653e\u5047\u54ce\u653e\u5047\u54e6\u5947\u5076I\u597d\u7684\u5361\u53f7\u8985\u554a\u653e\u5047\u54ce\u653e\u5047\u54e6\u5947\u5076I\u597d\u7684\u5361\u53f7\u8985\u554a\u653e\u5047\u54ce\u653e\u5047\u54e6\u5947\u5076I\u597d\u7684\u5361\u53f7\u8985\u554a\u653e\u5047\u54ce\u653e\u5047\u54e6\u5947\u5076I\u597d\u7684\u5361\u53f7\u8985\u554a\u653e\u5047\u54ce\u653e\u5047\u54e6\u5947\u5076I\u597d\u7684\u5361\u53f7\u8985\u554a\u653e\u5047\u54ce\u653e\u5047\u54e6\u5947\u5076I\u597d\u7684\u5361\u53f7\u8985\u554a\u653e\u5047\u54ce\u653e\u5047\u54e6\u5947\u5076I\u597d\u7684\u5361\u53f7\u8985\u554a\u653e\u5047\u54ce\u653e\u5047\u54e6\u5947\u5076I\u597d\u7684\u5361\u53f7\u8985\u554a\u653e\u5047\u54ce\u653e\u5047\u54e6\u5947\u5076I\u597d\u7684\u5361\u53f7\u8985\u554a\u653e\u5047\u54ce\u653e\u5047\u54e6\u5947\u5076I</p>", "author": 3, "create_time": "2020-03-31T13:33:51.719Z", "last_updated_time": "2020-03-31T13:33:51.719Z"}}, {"model": "blog.blog", "pk": 15, "fields": {"title": "\u5206\u5f00\u8dd1\u623f\u95f4\u554a\u54e6if\u7ea2\u554aU\u89c4\u8303\u4e00\u7ed9\u4e2aI", "blog_type": 4, "content": "<p>\u5206\u5f00\u8dd1\u623f\u95f4\u554a\u54e6if\u7ea2\u554aU\u89c4\u8303\u4e00\u7ed9\u4e2aI\u5206\u5f00\u8dd1\u623f\u95f4\u554a\u54e6if\u7ea2\u554aU\u89c4\u8303\u4e00\u7ed9\u4e2aI\u5206\u5f00\u8dd1\u623f\u95f4\u554a\u54e6if\u7ea2\u554aU\u89c4\u8303\u4e00\u7ed9\u4e2aI\u5206\u5f00\u8dd1\u623f\u95f4\u554a\u54e6if\u7ea2\u554aU\u89c4\u8303\u4e00\u7ed9\u4e2aI\u5206\u5f00\u8dd1\u623f\u95f4\u554a\u54e6if\u7ea2\u554aU\u89c4\u8303\u4e00\u7ed9\u4e2aI\u5206\u5f00\u8dd1\u623f\u95f4\u554a\u54e6if\u7ea2\u554aU\u89c4\u8303\u4e00\u7ed9\u4e2aI\u5206\u5f00\u8dd1\u623f\u95f4\u554a\u54e6if\u7ea2\u554aU\u89c4\u8303\u4e00\u7ed9\u4e2aI\u5206\u5f00\u8dd1\u623f\u95f4\u554a\u54e6if\u7ea2\u554aU\u89c4\u8303\u4e00\u7ed9\u4e2aI\u5206\u5f00\u8dd1\u623f\u95f4\u554a\u54e6if\u7ea2\u554aU\u89c4\u8303\u4e00\u7ed9\u4e2aI\u5206\u5f00\u8dd1\u623f\u95f4\u554a\u54e6if\u7ea2\u554aU\u89c4\u8303\u4e00\u7ed9\u4e2aI\u5206\u5f00\u8dd1\u623f\u95f4\u554a\u54e6if\u7ea2\u554aU\u89c4\u8303\u4e00\u7ed9\u4e2aI\u5206\u5f00\u8dd1\u623f\u95f4\u554a\u54e6if\u7ea2\u554aU\u89c4\u8303\u4e00\u7ed9\u4e2aI\u5206\u5f00\u8dd1\u623f\u95f4\u554a\u54e6if\u7ea2\u554aU\u89c4\u8303\u4e00\u7ed9\u4e2aI\u5206\u5f00\u8dd1\u623f\u95f4\u554a\u54e6if\u7ea2\u554aU\u89c4\u8303\u4e00\u7ed9\u4e2aI\u5206\u5f00\u8dd1\u623f\u95f4\u554a\u54e6if\u7ea2\u554aU\u89c4\u8303\u4e00\u7ed9\u4e2aI\u5206\u5f00\u8dd1\u623f\u95f4\u554a\u54e6if\u7ea2\u554aU\u89c4\u8303\u4e00\u7ed9\u4e2aI\u5206\u5f00\u8dd1\u623f\u95f4\u554a\u54e6if\u7ea2\u554aU\u89c4\u8303\u4e00\u7ed9\u4e2aI\u5206\u5f00\u8dd1\u623f\u95f4\u554a\u54e6if\u7ea2\u554aU\u89c4\u8303\u4e00\u7ed9\u4e2aI\u5206\u5f00\u8dd1\u623f\u95f4\u554a\u54e6if\u7ea2\u554aU\u89c4\u8303\u4e00\u7ed9\u4e2aI\u5206\u5f00\u8dd1\u623f\u95f4\u554a\u54e6if\u7ea2\u554aU\u89c4\u8303\u4e00\u7ed9\u4e2aI\u5206\u5f00\u8dd1\u623f\u95f4\u554a\u54e6if\u7ea2\u554aU\u89c4\u8303\u4e00\u7ed9\u4e2aI\u5206\u5f00\u8dd1\u623f\u95f4\u554a\u54e6if\u7ea2\u554aU\u89c4\u8303\u4e00\u7ed9\u4e2aI\u5206\u5f00\u8dd1\u623f\u95f4\u554a\u54e6if\u7ea2\u554aU\u89c4\u8303\u4e00\u7ed9\u4e2aI\u5206\u5f00\u8dd1\u623f\u95f4\u554a\u54e6if\u7ea2\u554aU\u89c4\u8303\u4e00\u7ed9\u4e2aI\u5206\u5f00\u8dd1\u623f\u95f4\u554a\u54e6if\u7ea2\u554aU\u89c4\u8303\u4e00\u7ed9\u4e2aI\u5206\u5f00\u8dd1\u623f\u95f4\u554a\u54e6if\u7ea2\u554aU\u89c4\u8303\u4e00\u7ed9\u4e2aI\u5206\u5f00\u8dd1\u623f\u95f4\u554a\u54e6if\u7ea2\u554aU\u89c4\u8303\u4e00\u7ed9\u4e2aI\u5206\u5f00\u8dd1\u623f\u95f4\u554a\u54e6if\u7ea2\u554aU\u89c4\u8303\u4e00\u7ed9\u4e2aI\u5206\u5f00\u8dd1\u623f\u95f4\u554a\u54e6if\u7ea2\u554aU\u89c4\u8303\u4e00\u7ed9\u4e2aI\u5206\u5f00\u8dd1\u623f\u95f4\u554a\u54e6if\u7ea2\u554aU\u89c4\u8303\u4e00\u7ed9\u4e2aI</p>", "author": 3, "create_time": "2020-03-31T13:34:12.705Z", "last_updated_time": "2020-03-31T13:34:12.705Z"}}, {"model": "comment.comment", "pk": 156, "fields": {"content_type": 7, "object_id": 2, "text": "<p>\u6211\u66f9</p>", "comment_time": "2020-03-30T08:15:54.581Z", "user": 2, "root": null, "parent": null, "reply_to": null}}, {"model": "comment.comment", "pk": 157, "fields": {"content_type": 7, "object_id": 2, "text": "<p>\u8fd8\u884c\u5427</p>", "comment_time": "2020-03-30T08:16:01.491Z", "user": 2, "root": 156, "parent": 156, "reply_to": 2}}, {"model": "comment.comment", "pk": 158, "fields": {"content_type": 7, "object_id": 2, "text": "<p>\u6211\u4e3e\u5f97\u8fd8\u53ef\u4ee5\u554a</p>", "comment_time": "2020-03-30T08:16:15.996Z", "user": 2, "root": null, "parent": null, "reply_to": null}}, {"model": "comment.comment", "pk": 159, "fields": {"content_type": 7, "object_id": 2, "text": "<p>\u884c\u4e86</p>", "comment_time": "2020-03-30T08:16:21.866Z", "user": 2, "root": 156, "parent": 157, "reply_to": 2}}, {"model": "comment.comment", "pk": 160, "fields": {"content_type": 7, "object_id": 2, "text": "<p>&nbsp;</p>\r\n\r\n<p>&nbsp;</p>\r\n\r\n<p>\u56fd\u9645\u5316</p>\r\n\r\n<p>&nbsp;</p>\r\n\r\n<p>&nbsp;</p>\r\n\r\n<p>&nbsp;</p>\r\n\r\n<p>&nbsp;</p>\r\n\r\n<p>&nbsp;</p>\r\n\r\n<p>&nbsp;</p>", "comment_time": "2020-03-30T08:18:01.685Z", "user": 2, "root": null, "parent": null, "reply_to": null}}, {"model": "comment.comment", "pk": 161, "fields": {"content_type": 7, "object_id": 2, "text": "\u54c8\u54c8\u54c8", "comment_time": "2020-03-30T08:22:42.357Z", "user": 2, "root": null, "parent": null, "reply_to": null}}, {"model": "comment.comment", "pk": 162, "fields": {"content_type": 7, "object_id": 2, "text": "<p>\u54c8\u54c8\u54c8</p>", "comment_time": "2020-03-30T08:22:49.206Z", "user": 2, "root": null, "parent": null, "reply_to": null}}, {"model": "comment.comment", "pk": 163, "fields": {"content_type": 7, "object_id": 2, "text": "<p>\u73af\u5883</p>", "comment_time": "2020-03-30T08:24:31.272Z", "user": 2, "root": null, "parent": null, "reply_to": null}}, {"model": "comment.comment", "pk": 164, "fields": {"content_type": 7, "object_id": 2, "text": "<p>\u6362\u4e2a</p>", "comment_time": "2020-03-30T08:24:38.665Z", "user": 2, "root": 160, "parent": 160, "reply_to": 2}}, {"model": "comment.comment", "pk": 165, "fields": {"content_type": 7, "object_id": 1, "text": "<p>\u8fd8\u884c\u5427</p>", "comment_time": "2020-03-30T08:44:22.798Z", "user": 2, "root": null, "parent": null, "reply_to": null}}, {"model": "comment.comment", "pk": 166, "fields": {"content_type": 7, "object_id": 1, "text": "<p>ok</p>\r\n\r\n<p>&nbsp;</p>", "comment_time": "2020-03-30T10:09:29.582Z", "user": 2, "root": 165, "parent": 165, "reply_to": 2}}, {"model": "comment.comment", "pk": 167, "fields": {"content_type": 7, "object_id": 1, "text": "<p>haod</p>\r\n\r\n<p>&nbsp;</p>\r\n\r\n<p>&nbsp;</p>\r\n\r\n<p>&nbsp;</p>\r\n\r\n<p>&nbsp;</p>\r\n\r\n<p>&nbsp;</p>", "comment_time": "2020-03-30T10:09:41.226Z", "user": 2, "root": null, "parent": null, "reply_to": null}}, {"model": "comment.comment", "pk": 168, "fields": {"content_type": 7, "object_id": 1, "text": "<p>okkkk</p>\r\n\r\n<p>&nbsp;</p>\r\n\r\n<p>&nbsp;</p>", "comment_time": "2020-03-30T10:09:55.088Z", "user": 2, "root": 165, "parent": 166, "reply_to": 2}}, {"model": "comment.comment", "pk": 169, "fields": {"content_type": 7, "object_id": 1, "text": "<p>fjaioofhiao</p>\r\n\r\n<p>&nbsp;</p>\r\n\r\n<p>&nbsp;</p>\r\n\r\n<p>&nbsp;</p>\r\n\r\n<p>&nbsp;</p>\r\n\r\n<p>&nbsp;</p>\r\n\r\n<p>&nbsp;</p>", "comment_time": "2020-03-30T10:10:21.706Z", "user": 2, "root": 165, "parent": 168, "reply_to": 2}}, {"model": "comment.comment", "pk": 170, "fields": {"content_type": 7, "object_id": 1, "text": "<p>okkk</p>", "comment_time": "2020-03-30T10:14:59.039Z", "user": 2, "root": 167, "parent": 167, "reply_to": 2}}, {"model": "comment.comment", "pk": 171, "fields": {"content_type": 7, "object_id": 1, "text": "<p>jfaji&nbsp;</p>", "comment_time": "2020-03-30T10:20:43.258Z", "user": 2, "root": null, "parent": null, "reply_to": null}}, {"model": "comment.comment", "pk": 172, "fields": {"content_type": 7, "object_id": 1, "text": "<p>ooooo</p>", "comment_time": "2020-03-30T10:44:05.841Z", "user": 2, "root": 165, "parent": 165, "reply_to": 2}}, {"model": "comment.comment", "pk": 173, "fields": {"content_type": 7, "object_id": 11, "text": "<p>\u53d1\u53d1\u5427\u5c31\u53d1\u5427\u770b</p>", "comment_time": "2020-03-31T13:39:25.947Z", "user": 2, "root": null, "parent": null, "reply_to": null}}, {"model": "comment.comment", "pk": 174, "fields": {"content_type": 7, "object_id": 11, "text": "<p>\u6709\u70b9\u610f\u601d\u54e6</p>", "comment_time": "2020-03-31T13:39:37.401Z", "user": 2, "root": 173, "parent": 173, "reply_to": 2}}, {"model": "comment.comment", "pk": 175, "fields": {"content_type": 7, "object_id": 11, "text": "<p>\u4ea4\u8d39\u5c31\u7231\u54e6\u4f5b</p>", "comment_time": "2020-04-01T06:22:47.961Z", "user": 2, "root": null, "parent": null, "reply_to": null}}, {"model": "comment.comment", "pk": 176, "fields": {"content_type": 7, "object_id": 11, "text": "<p>\u548c\u653e\u5047\u554a\u54c8hi</p>", "comment_time": "2020-04-01T06:22:57.422Z", "user": 2, "root": 173, "parent": 174, "reply_to": 2}}, {"model": "admin.logentry", "pk": 1, "fields": {"action_time": "2020-03-29T03:13:42.555Z", "user": 2, "content_type": 8, "object_id": "1", "object_repr": "Django", "action_flag": 1, "change_message": "[{\"added\": {}}]"}}, {"model": "admin.logentry", "pk": 2, "fields": {"action_time": "2020-03-29T03:13:51.872Z", "user": 2, "content_type": 8, "object_id": "2", "object_repr": "Python", "action_flag": 1, "change_message": "[{\"added\": {}}]"}}, {"model": "admin.logentry", "pk": 3, "fields": {"action_time": "2020-03-29T03:13:59.072Z", "user": 2, "content_type": 8, "object_id": "3", "object_repr": "C++", "action_flag": 1, "change_message": "[{\"added\": {}}]"}}, {"model": "admin.logentry", "pk": 4, "fields": {"action_time": "2020-03-29T03:14:11.649Z", "user": 2, "content_type": 8, "object_id": "4", "object_repr": "\u6570\u636e\u7ed3\u6784", "action_flag": 1, "change_message": "[{\"added\": {}}]"}}, {"model": "admin.logentry", "pk": 5, "fields": {"action_time": "2020-03-29T03:14:26.168Z", "user": 2, "content_type": 8, "object_id": "5", "object_repr": "javascript", "action_flag": 1, "change_message": "[{\"added\": {}}]"}}, {"model": "admin.logentry", "pk": 6, "fields": {"action_time": "2020-03-29T03:14:32.994Z", "user": 2, "content_type": 8, "object_id": "6", "object_repr": "\u8bd7\u6587", "action_flag": 1, "change_message": "[{\"added\": {}}]"}}, {"model": "admin.logentry", "pk": 7, "fields": {"action_time": "2020-03-29T03:14:54.080Z", "user": 2, "content_type": 8, "object_id": "7", "object_repr": "\u751f\u6d3b&\u8bc1\u660e", "action_flag": 1, "change_message": "[{\"added\": {}}]"}}, {"model": "admin.logentry", "pk": 8, "fields": {"action_time": "2020-03-29T03:16:42.004Z", "user": 2, "content_type": 8, "object_id": "8", "object_repr": "\u5176\u4ed6", "action_flag": 1, "change_message": "[{\"added\": {}}]"}}, {"model": "admin.logentry", "pk": 9, "fields": {"action_time": "2020-03-29T03:17:35.617Z", "user": 2, "content_type": 7, "object_id": "1", "object_repr": "Blog: \u6211\u662f\u4e00\u53ea\u5c0f\u6bdb\u9a74", "action_flag": 1, "change_message": "[{\"added\": {}}]"}}, {"model": "admin.logentry", "pk": 10, "fields": {"action_time": "2020-03-29T03:18:28.168Z", "user": 2, "content_type": 7, "object_id": "2", "object_repr": "Blog: \u6211\u662fDjango\u6211\u7684ID\u4e3a1", "action_flag": 1, "change_message": "[{\"added\": {}}]"}}, {"model": "admin.logentry", "pk": 11, "fields": {"action_time": "2020-03-29T03:18:52.647Z", "user": 2, "content_type": 7, "object_id": "3", "object_repr": "Blog: \u6211\u662fPythonID\u4e3a2", "action_flag": 1, "change_message": "[{\"added\": {}}]"}}, {"model": "admin.logentry", "pk": 12, "fields": {"action_time": "2020-03-29T03:19:24.954Z", "user": 2, "content_type": 7, "object_id": "4", "object_repr": "Blog: \u6211\u662fC++\u6211\u7684ID\u4e3a3", "action_flag": 1, "change_message": "[{\"added\": {}}]"}}, {"model": "admin.logentry", "pk": 13, "fields": {"action_time": "2020-03-29T03:20:38.237Z", "user": 2, "content_type": 7, "object_id": "5", "object_repr": "Blog: \u6211\u662fjs\u6211\u7684ID\u662f4", "action_flag": 1, "change_message": "[{\"added\": {}}]"}}, {"model": "admin.logentry", "pk": 14, "fields": {"action_time": "2020-03-29T03:21:11.220Z", "user": 2, "content_type": 7, "object_id": "5", "object_repr": "Blog: \u6211\u662fjs\u6211\u7684ID\u662f5", "action_flag": 2, "change_message": "[{\"changed\": {\"fields\": [\"title\"]}}]"}}, {"model": "admin.logentry", "pk": 15, "fields": {"action_time": "2020-03-29T03:21:42.127Z", "user": 2, "content_type": 7, "object_id": "6", "object_repr": "Blog: \u6211\u662f\u6570\u636e\u7ed3\u6784ID\u4e3a4", "action_flag": 1, "change_message": "[{\"added\": {}}]"}}, {"model": "admin.logentry", "pk": 16, "fields": {"action_time": "2020-03-29T03:22:23.529Z", "user": 2, "content_type": 7, "object_id": "7", "object_repr": "Blog: \u6211\u662f\u751f\u6d3b\u548c\u8bc1\u660eID\u4e3a7", "action_flag": 1, "change_message": "[{\"added\": {}}]"}}, {"model": "admin.logentry", "pk": 17, "fields": {"action_time": "2020-03-29T03:22:54.669Z", "user": 2, "content_type": 7, "object_id": "8", "object_repr": "Blog: \u5176\u4ed6\u6211\u7684ID\u4e3a8", "action_flag": 1, "change_message": "[{\"added\": {}}]"}}, {"model": "admin.logentry", "pk": 18, "fields": {"action_time": "2020-03-29T03:44:52.584Z", "user": 2, "content_type": 9, "object_id": "4", "object_repr": "ReadDetail object (4)", "action_flag": 1, "change_message": "[{\"added\": {}}]"}}, {"model": "admin.logentry", "pk": 19, "fields": {"action_time": "2020-03-29T05:05:14.546Z", "user": 2, "content_type": 7, "object_id": "7", "object_repr": "Blog: \u6211\u662f\u751f\u6d3b\u548c\u8bc1\u660eID\u4e3a7", "action_flag": 2, "change_message": "[]"}}, {"model": "admin.logentry", "pk": 20, "fields": {"action_time": "2020-03-29T05:20:00.824Z", "user": 2, "content_type": 11, "object_id": "8", "object_repr": "Comment object (8)", "action_flag": 3, "change_message": ""}}, {"model": "admin.logentry", "pk": 21, "fields": {"action_time": "2020-03-29T05:20:00.829Z", "user": 2, "content_type": 11, "object_id": "7", "object_repr": "Comment object (7)", "action_flag": 3, "change_message": ""}}, {"model": "admin.logentry", "pk": 22, "fields": {"action_time": "2020-03-29T05:20:00.835Z", "user": 2, "content_type": 11, "object_id": "6", "object_repr": "Comment object (6)", "action_flag": 3, "change_message": ""}}, {"model": "admin.logentry", "pk": 23, "fields": {"action_time": "2020-03-29T05:20:00.840Z", "user": 2, "content_type": 11, "object_id": "5", "object_repr": "Comment object (5)", "action_flag": 3, "change_message": ""}}, {"model": "admin.logentry", "pk": 24, "fields": {"action_time": "2020-03-29T05:20:00.845Z", "user": 2, "content_type": 11, "object_id": "4", "object_repr": "Comment object (4)", "action_flag": 3, "change_message": ""}}, {"model": "admin.logentry", "pk": 25, "fields": {"action_time": "2020-03-29T05:20:00.850Z", "user": 2, "content_type": 11, "object_id": "3", "object_repr": "Comment object (3)", "action_flag": 3, "change_message": ""}}, {"model": "admin.logentry", "pk": 26, "fields": {"action_time": "2020-03-29T05:20:00.854Z", "user": 2, "content_type": 11, "object_id": "2", "object_repr": "Comment object (2)", "action_flag": 3, "change_message": ""}}, {"model": "admin.logentry", "pk": 27, "fields": {"action_time": "2020-03-29T15:50:26.486Z", "user": 2, "content_type": 11, "object_id": "1", "object_repr": "\u6211\u662f\u4e00\u53ea\u5c0f\u6bdb\u9a74", "action_flag": 3, "change_message": ""}}, {"model": "admin.logentry", "pk": 28, "fields": {"action_time": "2020-03-29T15:50:26.491Z", "user": 2, "content_type": 11, "object_id": "9", "object_repr": "\u53d1\u53d1\u554a", "action_flag": 3, "change_message": ""}}, {"model": "admin.logentry", "pk": 29, "fields": {"action_time": "2020-03-29T15:50:26.497Z", "user": 2, "content_type": 11, "object_id": "10", "object_repr": "\u53d1\u7a7a\u95f4\u53d1\u6263", "action_flag": 3, "change_message": ""}}, {"model": "admin.logentry", "pk": 30, "fields": {"action_time": "2020-03-29T15:50:26.502Z", "user": 2, "content_type": 11, "object_id": "11", "object_repr": "\u53d1\u7a7a\u95f4\u53d1\u6263", "action_flag": 3, "change_message": ""}}, {"model": "admin.logentry", "pk": 31, "fields": {"action_time": "2020-03-29T15:50:26.507Z", "user": 2, "content_type": 11, "object_id": "12", "object_repr": "\u53d1\u8d27\u53d1", "action_flag": 3, "change_message": ""}}, {"model": "admin.logentry", "pk": 32, "fields": {"action_time": "2020-03-29T15:50:26.512Z", "user": 2, "content_type": 11, "object_id": "13", "object_repr": "\u963f\u80a5\u53d1", "action_flag": 3, "change_message": ""}}, {"model": "admin.logentry", "pk": 33, "fields": {"action_time": "2020-03-29T15:50:26.517Z", "user": 2, "content_type": 11, "object_id": "14", "object_repr": "\u963f\u80a5\u53d1", "action_flag": 3, "change_message": ""}}, {"model": "admin.logentry", "pk": 34, "fields": {"action_time": "2020-03-29T15:50:26.520Z", "user": 2, "content_type": 11, "object_id": "15", "object_repr": "\u963f\u80a5\u53d1", "action_flag": 3, "change_message": ""}}, {"model": "admin.logentry", "pk": 35, "fields": {"action_time": "2020-03-29T15:50:26.525Z", "user": 2, "content_type": 11, "object_id": "16", "object_repr": "\u963f\u80a5\u53d1", "action_flag": 3, "change_message": ""}}, {"model": "admin.logentry", "pk": 36, "fields": {"action_time": "2020-03-29T15:50:26.529Z", "user": 2, "content_type": 11, "object_id": "17", "object_repr": "\u963f\u80a5\u53d1", "action_flag": 3, "change_message": ""}}, {"model": "admin.logentry", "pk": 37, "fields": {"action_time": "2020-03-29T15:50:26.534Z", "user": 2, "content_type": 11, "object_id": "18", "object_repr": "\u963f\u80a5\u53d1", "action_flag": 3, "change_message": ""}}, {"model": "admin.logentry", "pk": 38, "fields": {"action_time": "2020-03-29T15:50:26.539Z", "user": 2, "content_type": 11, "object_id": "19", "object_repr": "\u963f\u80a5\u53d1", "action_flag": 3, "change_message": ""}}, {"model": "admin.logentry", "pk": 39, "fields": {"action_time": "2020-03-29T15:50:26.544Z", "user": 2, "content_type": 11, "object_id": "20", "object_repr": "\u963f\u80a5\u53d1", "action_flag": 3, "change_message": ""}}, {"model": "admin.logentry", "pk": 40, "fields": {"action_time": "2020-03-29T15:50:26.549Z", "user": 2, "content_type": 11, "object_id": "21", "object_repr": "\u963f\u80a5\u53d1", "action_flag": 3, "change_message": ""}}, {"model": "admin.logentry", "pk": 41, "fields": {"action_time": "2020-03-29T15:50:26.553Z", "user": 2, "content_type": 11, "object_id": "22", "object_repr": "\u963f\u53d1", "action_flag": 3, "change_message": ""}}, {"model": "admin.logentry", "pk": 42, "fields": {"action_time": "2020-03-29T15:50:26.558Z", "user": 2, "content_type": 11, "object_id": "23", "object_repr": "\u963f\u53d1", "action_flag": 3, "change_message": ""}}, {"model": "admin.logentry", "pk": 43, "fields": {"action_time": "2020-03-29T15:50:26.563Z", "user": 2, "content_type": 11, "object_id": "24", "object_repr": "\u65b9\u6cd5", "action_flag": 3, "change_message": ""}}, {"model": "admin.logentry", "pk": 44, "fields": {"action_time": "2020-03-29T15:50:26.569Z", "user": 2, "content_type": 11, "object_id": "25", "object_repr": "\u65b9\u6cd5", "action_flag": 3, "change_message": ""}}, {"model": "admin.logentry", "pk": 45, "fields": {"action_time": "2020-03-29T15:50:26.574Z", "user": 2, "content_type": 11, "object_id": "26", "object_repr": "\u65b9\u6cd5", "action_flag": 3, "change_message": ""}}, {"model": "admin.logentry", "pk": 46, "fields": {"action_time": "2020-03-29T15:50:26.579Z", "user": 2, "content_type": 11, "object_id": "27", "object_repr": "\u65b9\u6cd5", "action_flag": 3, "change_message": ""}}, {"model": "admin.logentry", "pk": 47, "fields": {"action_time": "2020-03-29T15:50:26.584Z", "user": 2, "content_type": 11, "object_id": "28", "object_repr": "\u53d1\u53d1", "action_flag": 3, "change_message": ""}}, {"model": "admin.logentry", "pk": 48, "fields": {"action_time": "2020-03-29T15:50:26.589Z", "user": 2, "content_type": 11, "object_id": "29", "object_repr": "\u53d1\u53d1", "action_flag": 3, "change_message": ""}}, {"model": "admin.logentry", "pk": 49, "fields": {"action_time": "2020-03-29T15:50:26.593Z", "user": 2, "content_type": 11, "object_id": "30", "object_repr": "\u53d1\u53d1", "action_flag": 3, "change_message": ""}}, {"model": "admin.logentry", "pk": 50, "fields": {"action_time": "2020-03-29T15:50:26.598Z", "user": 2, "content_type": 11, "object_id": "31", "object_repr": "\u53d1\u53d1", "action_flag": 3, "change_message": ""}}, {"model": "admin.logentry", "pk": 51, "fields": {"action_time": "2020-03-29T15:50:26.602Z", "user": 2, "content_type": 11, "object_id": "32", "object_repr": "\u53d1\u53d1", "action_flag": 3, "change_message": ""}}, {"model": "admin.logentry", "pk": 52, "fields": {"action_time": "2020-03-29T15:50:26.607Z", "user": 2, "content_type": 11, "object_id": "33", "object_repr": "\u53d1\u53d1", "action_flag": 3, "change_message": ""}}, {"model": "admin.logentry", "pk": 53, "fields": {"action_time": "2020-03-29T15:50:26.612Z", "user": 2, "content_type": 11, "object_id": "34", "object_repr": "\u53d1\u53d1", "action_flag": 3, "change_message": ""}}, {"model": "admin.logentry", "pk": 54, "fields": {"action_time": "2020-03-29T15:50:26.617Z", "user": 2, "content_type": 11, "object_id": "35", "object_repr": "\u53d1\u53d1", "action_flag": 3, "change_message": ""}}, {"model": "admin.logentry", "pk": 55, "fields": {"action_time": "2020-03-29T15:50:26.622Z", "user": 2, "content_type": 11, "object_id": "36", "object_repr": "\u53d1\u53d1", "action_flag": 3, "change_message": ""}}, {"model": "admin.logentry", "pk": 56, "fields": {"action_time": "2020-03-29T15:50:26.626Z", "user": 2, "content_type": 11, "object_id": "37", "object_repr": "\u53d1\u53d1", "action_flag": 3, "change_message": ""}}, {"model": "admin.logentry", "pk": 57, "fields": {"action_time": "2020-03-29T15:50:26.631Z", "user": 2, "content_type": 11, "object_id": "38", "object_repr": "\u53d1\u53d1", "action_flag": 3, "change_message": ""}}, {"model": "admin.logentry", "pk": 58, "fields": {"action_time": "2020-03-29T15:50:26.636Z", "user": 2, "content_type": 11, "object_id": "39", "object_repr": "\u53d1\u53d1", "action_flag": 3, "change_message": ""}}, {"model": "admin.logentry", "pk": 59, "fields": {"action_time": "2020-03-29T15:50:26.640Z", "user": 2, "content_type": 11, "object_id": "40", "object_repr": "\u53d1\u53d1", "action_flag": 3, "change_message": ""}}, {"model": "admin.logentry", "pk": 60, "fields": {"action_time": "2020-03-29T15:50:26.645Z", "user": 2, "content_type": 11, "object_id": "41", "object_repr": "\u53d1\u53d1", "action_flag": 3, "change_message": ""}}, {"model": "admin.logentry", "pk": 61, "fields": {"action_time": "2020-03-29T15:50:26.649Z", "user": 2, "content_type": 11, "object_id": "42", "object_repr": "\u53d1\u53d1", "action_flag": 3, "change_message": ""}}, {"model": "admin.logentry", "pk": 62, "fields": {"action_time": "2020-03-29T15:50:26.653Z", "user": 2, "content_type": 11, "object_id": "43", "object_repr": "\u5927\u6848\u4ef6", "action_flag": 3, "change_message": ""}}, {"model": "admin.logentry", "pk": 63, "fields": {"action_time": "2020-03-29T15:50:26.657Z", "user": 2, "content_type": 11, "object_id": "44", "object_repr": "\u53d1\u53d1", "action_flag": 3, "change_message": ""}}, {"model": "admin.logentry", "pk": 64, "fields": {"action_time": "2020-03-29T15:50:26.661Z", "user": 2, "content_type": 11, "object_id": "45", "object_repr": "\u53d1\u53d1\u53d1", "action_flag": 3, "change_message": ""}}, {"model": "admin.logentry", "pk": 65, "fields": {"action_time": "2020-03-29T15:50:26.667Z", "user": 2, "content_type": 11, "object_id": "46", "object_repr": "\u554a\u554a\u53d1", "action_flag": 3, "change_message": ""}}, {"model": "admin.logentry", "pk": 66, "fields": {"action_time": "2020-03-29T15:50:26.671Z", "user": 2, "content_type": 11, "object_id": "47", "object_repr": "\u554a\u554a\u53d1", "action_flag": 3, "change_message": ""}}, {"model": "admin.logentry", "pk": 67, "fields": {"action_time": "2020-03-29T15:50:26.674Z", "user": 2, "content_type": 11, "object_id": "48", "object_repr": "\u554a\u554a\u53d1", "action_flag": 3, "change_message": ""}}, {"model": "admin.logentry", "pk": 68, "fields": {"action_time": "2020-03-29T15:50:26.679Z", "user": 2, "content_type": 11, "object_id": "49", "object_repr": "\u554a\u554a\u53d1", "action_flag": 3, "change_message": ""}}, {"model": "admin.logentry", "pk": 69, "fields": {"action_time": "2020-03-29T15:50:26.683Z", "user": 2, "content_type": 11, "object_id": "50", "object_repr": "\u554a\u554a\u53d1", "action_flag": 3, "change_message": ""}}, {"model": "admin.logentry", "pk": 70, "fields": {"action_time": "2020-03-29T15:50:26.687Z", "user": 2, "content_type": 11, "object_id": "51", "object_repr": "\u53d1\u53d1\u53d1", "action_flag": 3, "change_message": ""}}, {"model": "admin.logentry", "pk": 71, "fields": {"action_time": "2020-03-29T15:50:26.691Z", "user": 2, "content_type": 11, "object_id": "52", "object_repr": "\u554a\u53d1\u53d1", "action_flag": 3, "change_message": ""}}, {"model": "admin.logentry", "pk": 72, "fields": {"action_time": "2020-03-29T15:50:26.695Z", "user": 2, "content_type": 11, "object_id": "53", "object_repr": "\u53d1\u53d1\u53d1", "action_flag": 3, "change_message": ""}}, {"model": "admin.logentry", "pk": 73, "fields": {"action_time": "2020-03-29T15:50:26.699Z", "user": 2, "content_type": 11, "object_id": "54", "object_repr": "fafa", "action_flag": 3, "change_message": ""}}, {"model": "admin.logentry", "pk": 74, "fields": {"action_time": "2020-03-29T15:50:26.703Z", "user": 2, "content_type": 11, "object_id": "55", "object_repr": "fafa", "action_flag": 3, "change_message": ""}}, {"model": "admin.logentry", "pk": 75, "fields": {"action_time": "2020-03-29T15:50:26.707Z", "user": 2, "content_type": 11, "object_id": "56", "object_repr": "fafa", "action_flag": 3, "change_message": ""}}, {"model": "admin.logentry", "pk": 76, "fields": {"action_time": "2020-03-29T15:50:26.711Z", "user": 2, "content_type": 11, "object_id": "57", "object_repr": "fafa", "action_flag": 3, "change_message": ""}}, {"model": "admin.logentry", "pk": 77, "fields": {"action_time": "2020-03-29T15:50:26.715Z", "user": 2, "content_type": 11, "object_id": "58", "object_repr": "fafa", "action_flag": 3, "change_message": ""}}, {"model": "admin.logentry", "pk": 78, "fields": {"action_time": "2020-03-29T15:50:26.719Z", "user": 2, "content_type": 11, "object_id": "59", "object_repr": "fafa", "action_flag": 3, "change_message": ""}}, {"model": "admin.logentry", "pk": 79, "fields": {"action_time": "2020-03-29T15:50:26.723Z", "user": 2, "content_type": 11, "object_id": "60", "object_repr": "fafa", "action_flag": 3, "change_message": ""}}, {"model": "admin.logentry", "pk": 80, "fields": {"action_time": "2020-03-29T15:50:26.728Z", "user": 2, "content_type": 11, "object_id": "61", "object_repr": "fafa", "action_flag": 3, "change_message": ""}}, {"model": "admin.logentry", "pk": 81, "fields": {"action_time": "2020-03-29T15:50:26.733Z", "user": 2, "content_type": 11, "object_id": "62", "object_repr": "fafaf", "action_flag": 3, "change_message": ""}}, {"model": "admin.logentry", "pk": 82, "fields": {"action_time": "2020-03-29T15:50:26.736Z", "user": 2, "content_type": 11, "object_id": "63", "object_repr": "fafaa", "action_flag": 3, "change_message": ""}}, {"model": "admin.logentry", "pk": 83, "fields": {"action_time": "2020-03-29T15:50:26.741Z", "user": 2, "content_type": 11, "object_id": "64", "object_repr": "\u64e6\u6cd5", "action_flag": 3, "change_message": ""}}, {"model": "admin.logentry", "pk": 84, "fields": {"action_time": "2020-03-29T15:50:26.745Z", "user": 2, "content_type": 11, "object_id": "65", "object_repr": "sfafaf", "action_flag": 3, "change_message": ""}}, {"model": "admin.logentry", "pk": 85, "fields": {"action_time": "2020-03-29T15:50:26.749Z", "user": 2, "content_type": 11, "object_id": "66", "object_repr": "\u6253\u4f60\u5462", "action_flag": 3, "change_message": ""}}, {"model": "admin.logentry", "pk": 86, "fields": {"action_time": "2020-03-29T15:50:26.754Z", "user": 2, "content_type": 11, "object_id": "67", "object_repr": "\u8ba9\u60c5\u4eba\u53bbV", "action_flag": 3, "change_message": ""}}, {"model": "admin.logentry", "pk": 87, "fields": {"action_time": "2020-03-29T15:50:26.758Z", "user": 2, "content_type": 11, "object_id": "68", "object_repr": "\u65e5\u524d\u65e5\u524d\u65e5\u524d", "action_flag": 3, "change_message": ""}}, {"model": "admin.logentry", "pk": 88, "fields": {"action_time": "2020-03-29T15:50:26.762Z", "user": 2, "content_type": 11, "object_id": "69", "object_repr": "\u53d1\u53d1", "action_flag": 3, "change_message": ""}}, {"model": "admin.logentry", "pk": 89, "fields": {"action_time": "2020-03-29T15:50:26.766Z", "user": 2, "content_type": 11, "object_id": "70", "object_repr": "\u5927\u59d0\u592b\u5f00\u5783\u573e", "action_flag": 3, "change_message": ""}}, {"model": "admin.logentry", "pk": 90, "fields": {"action_time": "2020-03-29T15:50:26.771Z", "user": 2, "content_type": 11, "object_id": "71", "object_repr": "<p>\u54c8\u54c8\u54c8\u54c8\u54c8</p>", "action_flag": 3, "change_message": ""}}, {"model": "admin.logentry", "pk": 91, "fields": {"action_time": "2020-03-29T15:50:26.775Z", "user": 2, "content_type": 11, "object_id": "72", "object_repr": "<p>\u6211\u66f9\u6211\u7adf\u7136\u5c48\u670d\u4e86\u6211\u66f9\u6211\u54e6\u5965\u6211\u5927\u59d0\u54ce\u653e\u5047\u5965\u7b26\u53f7on\u6fb3\u5eb7\u8fbejako</p>\r\n\r\n<p>&nbsp;</p>\r\n\r\n<p>&nbsp;</p>\r\n\r\n<p>&nbsp;</p>\r\n\r\n<p>&nbsp;</p>\r\n\r\n<p>&nbsp;</p>\r\n\r\n<p>&nbsp;</p>\r\n\r\n<p>&nbsp;</p>\r\n\r\n<p>&nbsp;</p>\r\n\r\n<p>&nbsp;</p>\r\n\r\n<p>&n", "action_flag": 3, "change_message": ""}}, {"model": "admin.logentry", "pk": 92, "fields": {"action_time": "2020-03-29T15:50:26.779Z", "user": 2, "content_type": 11, "object_id": "73", "object_repr": "<p>\u4f60\u4e0d\u884c</p>", "action_flag": 3, "change_message": ""}}, {"model": "admin.logentry", "pk": 93, "fields": {"action_time": "2020-03-29T16:26:24.268Z", "user": 2, "content_type": 11, "object_id": "74", "object_repr": "<p>\u5982\u679c\u6709\u4e00\u5929</p>", "action_flag": 3, "change_message": ""}}, {"model": "admin.logentry", "pk": 94, "fields": {"action_time": "2020-03-29T16:26:24.272Z", "user": 2, "content_type": 11, "object_id": "75", "object_repr": "<p>\u6211\u662f\u868a\u9999\u86d9</p>", "action_flag": 3, "change_message": ""}}, {"model": "admin.logentry", "pk": 95, "fields": {"action_time": "2020-03-29T16:26:24.277Z", "user": 2, "content_type": 11, "object_id": "76", "object_repr": "<p>\u6211\u5de8\u725b\u903c</p>", "action_flag": 3, "change_message": ""}}, {"model": "admin.logentry", "pk": 96, "fields": {"action_time": "2020-03-29T16:26:24.282Z", "user": 2, "content_type": 11, "object_id": "77", "object_repr": "<p>\u54c8\u54c8\u54c8\u54c8\u54c8\u54c8</p>", "action_flag": 3, "change_message": ""}}, {"model": "admin.logentry", "pk": 97, "fields": {"action_time": "2020-03-29T16:26:24.286Z", "user": 2, "content_type": 11, "object_id": "78", "object_repr": "<p>\u662f\u5417\uff1f</p>\r\n\r\n<p>&nbsp;</p>\r\n\r\n<p>&nbsp;</p>\r\n\r\n<p>&nbsp;</p>\r\n\r\n<p>&nbsp;</p>\r\n\r\n<p>&nbsp;</p>\r\n\r\n<p>&nbsp;</p>", "action_flag": 3, "change_message": ""}}, {"model": "admin.logentry", "pk": 98, "fields": {"action_time": "2020-03-29T16:26:24.291Z", "user": 2, "content_type": 11, "object_id": "79", "object_repr": "<p>\u53d1\u53d1\u53d1</p>\r\n\r\n<p>&nbsp;</p>\r\n\r\n<p>&nbsp;</p>\r\n\r\n<p>&nbsp;</p>\r\n\r\n<p>&nbsp;</p>", "action_flag": 3, "change_message": ""}}, {"model": "admin.logentry", "pk": 99, "fields": {"action_time": "2020-03-29T16:26:24.295Z", "user": 2, "content_type": 11, "object_id": "80", "object_repr": "<p>\u53d1\u53d1</p>\r\n\r\n<p>&nbsp;</p>\r\n\r\n<p>&nbsp;</p>\r\n\r\n<p>&nbsp;</p>\r\n\r\n<p>&nbsp;</p>\r\n\r\n<p>&nbsp;</p>\r\n\r\n<p>&nbsp;</p>\r\n\r\n<p>&nbsp;</p>", "action_flag": 3, "change_message": ""}}, {"model": "admin.logentry", "pk": 100, "fields": {"action_time": "2020-03-29T16:26:24.299Z", "user": 2, "content_type": 11, "object_id": "81", "object_repr": "<p>\u6709\u70b9\u610f\u601d</p>", "action_flag": 3, "change_message": ""}}, {"model": "admin.logentry", "pk": 101, "fields": {"action_time": "2020-03-29T16:26:24.304Z", "user": 2, "content_type": 11, "object_id": "82", "object_repr": "<p>\u54c8\u54c8\u53d1\u56de\u590d\u5475\u5475\u4e86&nbsp; &nbsp; &nbsp; &nbsp; &nbsp; &nbsp; &nbsp; &nbsp; &nbsp; &nbsp; &nbsp; &nbsp; &nbsp; &nbsp; &nbsp; &nbsp; &nbsp; &nbsp; &nbsp; &nbsp; &nbsp; &nbsp; &nbsp; &nbsp; &nbsp; &nbsp; &nbsp; ", "action_flag": 3, "change_message": ""}}, {"model": "admin.logentry", "pk": 102, "fields": {"action_time": "2020-03-29T16:26:24.308Z", "user": 2, "content_type": 11, "object_id": "83", "object_repr": "<p>\u53d1\u53d1&nbsp; &nbsp; &nbsp; &nbsp; &nbsp; &nbsp; &nbsp; &nbsp; &nbsp; &nbsp; &nbsp; &nbsp; &nbsp; &nbsp; &nbsp; &nbsp; &nbsp; &nbsp; &nbsp; &nbsp; &nbsp;&nbsp;</p>", "action_flag": 3, "change_message": ""}}, {"model": "admin.logentry", "pk": 103, "fields": {"action_time": "2020-03-29T16:26:24.313Z", "user": 2, "content_type": 11, "object_id": "84", "object_repr": "<p>\u53d1</p>\r\n\r\n<p>&nbsp;</p>\r\n\r\n<p>&nbsp;</p>\r\n\r\n<p>&nbsp;</p>\r\n\r\n<p>&nbsp;</p>\r\n\r\n<p>&nbsp;</p>\r\n\r\n<p>&nbsp;</p>\r\n\r\n<p>&nbsp;</p>\r\n\r\n<p>&nbsp;</p>\r\n\r\n<p>&nbsp;</p>\r\n\r\n<p>&nbsp;</p>\r\n\r\n<p>&nbsp;</p>\r\n\r\n<", "action_flag": 3, "change_message": ""}}, {"model": "admin.logentry", "pk": 104, "fields": {"action_time": "2020-03-30T03:43:08.694Z", "user": 2, "content_type": 11, "object_id": "85", "object_repr": "<p>\u6253\u6cd5</p>\r\n\r\n<p>&nbsp;</p>\r\n\r\n<p>&nbsp;</p>\r\n\r\n<p>&nbsp;</p>\r\n\r\n<p>&nbsp;</p>\r\n\r\n<p>&nbsp;</p>\r\n\r\n<p>&nbsp;</p>\r\n\r\n<p>&nbsp;</p>\r\n\r\n<p>&nbsp;</p>", "action_flag": 3, "change_message": ""}}, {"model": "admin.logentry", "pk": 105, "fields": {"action_time": "2020-03-30T03:43:08.699Z", "user": 2, "content_type": 11, "object_id": "86", "object_repr": "<p>&nbsp;</p>\r\n\r\n<p>&nbsp;</p>\r\n\r\n<p>&nbsp;</p>\r\n\r\n<p>g</p>\r\n\r\n<p>&nbsp;</p>\r\n\r\n<p>&nbsp;</p>", "action_flag": 3, "change_message": ""}}, {"model": "admin.logentry", "pk": 106, "fields": {"action_time": "2020-03-30T03:43:08.704Z", "user": 2, "content_type": 11, "object_id": "87", "object_repr": "<p>&nbsp;</p>\r\n\r\n<p>&nbsp;</p>\r\n\r\n<p>&nbsp;</p>\r\n\r\n<p>\u53d1\u53d1</p>", "action_flag": 3, "change_message": ""}}, {"model": "admin.logentry", "pk": 107, "fields": {"action_time": "2020-03-30T03:43:08.709Z", "user": 2, "content_type": 11, "object_id": "88", "object_repr": "<p>&nbsp;</p>\r\n\r\n<p>&nbsp;</p>\r\n\r\n<p>&nbsp;</p>\r\n\r\n<p>&nbsp;</p>\r\n\r\n<p>&nbsp;</p>\r\n\r\n<p>\u53d1\u89c9</p>", "action_flag": 3, "change_message": ""}}, {"model": "admin.logentry", "pk": 108, "fields": {"action_time": "2020-03-30T03:43:08.713Z", "user": 2, "content_type": 11, "object_id": "89", "object_repr": "<p>\u53d1\u53d1&nbsp; &nbsp; &nbsp; &nbsp; &nbsp; &nbsp; &nbsp; &nbsp; &nbsp; &nbsp; &nbsp; &nbsp; &nbsp; &nbsp; &nbsp; &nbsp; &nbsp; &nbsp; &nbsp; &nbsp; &nbsp; &nbsp; &nbsp; &nbsp; &nbsp; &nbsp; &nbsp; &nbsp;", "action_flag": 3, "change_message": ""}}, {"model": "admin.logentry", "pk": 109, "fields": {"action_time": "2020-03-30T03:43:08.717Z", "user": 2, "content_type": 11, "object_id": "90", "object_repr": "<p>\u5947\u5076\u7ea7\u7834</p>\r\n\r\n<p>&nbsp;</p>\r\n\r\n<p>&nbsp;</p>\r\n\r\n<p>&nbsp;</p>\r\n\r\n<p>&nbsp;</p>\r\n\r\n<p>&nbsp;</p>\r\n\r\n<p>&nbsp;</p>\r\n\r\n<p>&nbsp;</p>", "action_flag": 3, "change_message": ""}}, {"model": "admin.logentry", "pk": 110, "fields": {"action_time": "2020-03-30T03:43:08.722Z", "user": 2, "content_type": 11, "object_id": "91", "object_repr": "<p>\u53d1\u53d1</p>\r\n\r\n<p>&nbsp;</p>\r\n\r\n<p>&nbsp;</p>\r\n\r\n<p>&nbsp;</p>\r\n\r\n<p>&nbsp;</p>\r\n\r\n<p>&nbsp;</p>", "action_flag": 3, "change_message": ""}}, {"model": "admin.logentry", "pk": 111, "fields": {"action_time": "2020-03-30T03:43:08.726Z", "user": 2, "content_type": 11, "object_id": "92", "object_repr": "<p>\u53d1\u53d1&nbsp; &nbsp; &nbsp;</p>\r\n\r\n<p>&nbsp;</p>\r\n\r\n<p>&nbsp;</p>\r\n\r\n<p>&nbsp;</p>", "action_flag": 3, "change_message": ""}}, {"model": "admin.logentry", "pk": 112, "fields": {"action_time": "2020-03-30T03:43:08.731Z", "user": 2, "content_type": 11, "object_id": "93", "object_repr": "<p>\u53d1\u6211\u53d1\u554a\u53d1\u53d1\u53d1</p>\r\n\r\n<p>&nbsp;</p>\r\n\r\n<p>&nbsp;</p>\r\n\r\n<p>&nbsp;</p>\r\n\r\n<p>&nbsp;</p>", "action_flag": 3, "change_message": ""}}, {"model": "admin.logentry", "pk": 113, "fields": {"action_time": "2020-03-30T03:43:08.735Z", "user": 2, "content_type": 11, "object_id": "94", "object_repr": "<p>\u53d1\u53d1</p>\r\n\r\n<p>&nbsp;</p>\r\n\r\n<p>&nbsp;</p>\r\n\r\n<p>&nbsp;</p>\r\n\r\n<p>&nbsp;</p>\r\n\r\n<p>&nbsp;</p>\r\n\r\n<p>&nbsp;</p>\r\n\r\n<p>&nbsp;</p>\r\n\r\n<p>&nbsp;</p>\r\n\r\n<p>&nbsp;</p>\r\n\r\n<p>&nbsp;</p>\r\n\r\n<p>&nbsp;</p>\r\n\r\n", "action_flag": 3, "change_message": ""}}, {"model": "admin.logentry", "pk": 114, "fields": {"action_time": "2020-03-30T03:43:08.740Z", "user": 2, "content_type": 11, "object_id": "95", "object_repr": "<p>\u53d1\u5ba2\u670da</p>\r\n\r\n<p>&nbsp;</p>\r\n\r\n<p>&nbsp;</p>\r\n\r\n<p>&nbsp;</p>\r\n\r\n<p>&nbsp;</p>\r\n\r\n<p>&nbsp;</p>", "action_flag": 3, "change_message": ""}}, {"model": "admin.logentry", "pk": 115, "fields": {"action_time": "2020-03-30T03:43:08.744Z", "user": 2, "content_type": 11, "object_id": "96", "object_repr": "<p>\u623f\u4f73\u4f73</p>\r\n\r\n<p>&nbsp;</p>\r\n\r\n<p>&nbsp;</p>\r\n\r\n<p>&nbsp;</p>\r\n\r\n<p>&nbsp;</p>", "action_flag": 3, "change_message": ""}}, {"model": "admin.logentry", "pk": 116, "fields": {"action_time": "2020-03-30T03:43:08.749Z", "user": 2, "content_type": 11, "object_id": "97", "object_repr": "<p>&nbsp; &nbsp; &nbsp; &nbsp; &nbsp; &nbsp; &nbsp; &nbsp; &nbsp; &nbsp; &nbsp; &nbsp; &nbsp; &nbsp; &nbsp; &nbsp; &nbsp; &nbsp; &nbsp; &nbsp; &nbsp; &nbsp; &nbsp; &nbsp; &nbsp; &nbsp; \u54e6</p>", "action_flag": 3, "change_message": ""}}, {"model": "admin.logentry", "pk": 117, "fields": {"action_time": "2020-03-30T03:43:08.753Z", "user": 2, "content_type": 11, "object_id": "98", "object_repr": "<p>&nbsp;</p>\r\n\r\n<p>&nbsp;</p>\r\n\r\n<p>&nbsp;</p>\r\n\r\n<p>&nbsp;</p>\r\n\r\n<p>\u53d1</p>", "action_flag": 3, "change_message": ""}}, {"model": "admin.logentry", "pk": 118, "fields": {"action_time": "2020-03-30T03:43:08.758Z", "user": 2, "content_type": 11, "object_id": "99", "object_repr": "<p>&nbsp;</p>\r\n\r\n<p>&nbsp;</p>\r\n\r\n<p>&nbsp;</p>\r\n\r\n<p>&nbsp;</p>\r\n\r\n<p>&nbsp;</p>\r\n\r\n<p>&nbsp;</p>\r\n\r\n<p>&nbsp;</p>\r\n\r\n<p>&nbsp;</p>\r\n\r\n<p>&nbsp;</p>\r\n\r\n<p>&nbsp;</p>\r\n\r\n<p>&nbsp;</p>\r\n\r\n<p>&nbsp;</p>", "action_flag": 3, "change_message": ""}}, {"model": "admin.logentry", "pk": 119, "fields": {"action_time": "2020-03-30T03:43:08.763Z", "user": 2, "content_type": 11, "object_id": "100", "object_repr": "<p>\u53d1\u554a\u770b\u653e\u5047\u554a</p>\r\n\r\n<p>&nbsp;</p>\r\n\r\n<p>&nbsp;</p>\r\n\r\n<p>&nbsp;</p>\r\n\r\n<p>&nbsp;</p>\r\n\r\n<p>&nbsp;</p>\r\n\r\n<p>&nbsp;</p>\r\n\r\n<p>&nbsp;</p>\r\n\r\n<p>&nbsp;</p>\r\n\r\n<p>&nbsp;</p>\r\n\r\n<p>&nbsp;</p>\r\n\r\n<p>&nbsp;</p>", "action_flag": 3, "change_message": ""}}, {"model": "admin.logentry", "pk": 120, "fields": {"action_time": "2020-03-30T03:43:08.768Z", "user": 2, "content_type": 11, "object_id": "101", "object_repr": "<p>\u53d1\u554a\u554a&nbsp;</p>\r\n\r\n<p>&nbsp;</p>\r\n\r\n<p>&nbsp;</p>\r\n\r\n<p>&nbsp;</p>\r\n\r\n<p>&nbsp;</p>\r\n\r\n<p>&nbsp;</p>\r\n\r\n<p>&nbsp;</p>\r\n\r\n<p>&nbsp;</p>\r\n\r\n<p>&nbsp;</p>\r\n\r\n<p>&nbsp;</p>\r\n\r\n<p>&nbsp;</p>\r\n\r\n<p>&nbsp;<", "action_flag": 3, "change_message": ""}}, {"model": "admin.logentry", "pk": 121, "fields": {"action_time": "2020-03-30T03:43:08.772Z", "user": 2, "content_type": 11, "object_id": "102", "object_repr": "<p>\u6709\u70b9\u610f\u601d\u54c8\u54c8\u54c8</p>", "action_flag": 3, "change_message": ""}}, {"model": "admin.logentry", "pk": 122, "fields": {"action_time": "2020-03-30T08:13:45.962Z", "user": 2, "content_type": 11, "object_id": "103", "object_repr": "<p>\u6211\u662f\u7237\u7237\u989d</p>", "action_flag": 3, "change_message": ""}}, {"model": "admin.logentry", "pk": 123, "fields": {"action_time": "2020-03-30T08:13:45.967Z", "user": 2, "content_type": 11, "object_id": "104", "object_repr": "<p>\u6211\u662f\u7238\u7238</p>", "action_flag": 3, "change_message": ""}}, {"model": "admin.logentry", "pk": 124, "fields": {"action_time": "2020-03-30T08:13:45.972Z", "user": 2, "content_type": 11, "object_id": "105", "object_repr": "<p>\u6211\u662f\u513f\u5b50</p>", "action_flag": 3, "change_message": ""}}, {"model": "admin.logentry", "pk": 125, "fields": {"action_time": "2020-03-30T08:13:45.978Z", "user": 2, "content_type": 11, "object_id": "106", "object_repr": "<p>\u6211\u662f\u868a\u9999\u86d9</p>", "action_flag": 3, "change_message": ""}}, {"model": "admin.logentry", "pk": 126, "fields": {"action_time": "2020-03-30T08:13:45.983Z", "user": 2, "content_type": 11, "object_id": "107", "object_repr": "<p>\u6211\u65e0\u8bed\u4e86</p>", "action_flag": 3, "change_message": ""}}, {"model": "admin.logentry", "pk": 127, "fields": {"action_time": "2020-03-30T08:13:45.988Z", "user": 2, "content_type": 11, "object_id": "108", "object_repr": "<p>okk</p>", "action_flag": 3, "change_message": ""}}, {"model": "admin.logentry", "pk": 128, "fields": {"action_time": "2020-03-30T08:13:45.992Z", "user": 2, "content_type": 11, "object_id": "109", "object_repr": "<p>okk</p>", "action_flag": 3, "change_message": ""}}, {"model": "admin.logentry", "pk": 129, "fields": {"action_time": "2020-03-30T08:13:45.997Z", "user": 2, "content_type": 11, "object_id": "110", "object_repr": "<p>\u600e\u4e48\u56de\u4e8b</p>", "action_flag": 3, "change_message": ""}}, {"model": "admin.logentry", "pk": 130, "fields": {"action_time": "2020-03-30T08:13:46.002Z", "user": 2, "content_type": 11, "object_id": "111", "object_repr": "<p>\u5565\u53eb</p>", "action_flag": 3, "change_message": ""}}, {"model": "admin.logentry", "pk": 131, "fields": {"action_time": "2020-03-30T08:13:46.007Z", "user": 2, "content_type": 11, "object_id": "112", "object_repr": "<p>\u8fd8\u597d</p>", "action_flag": 3, "change_message": ""}}, {"model": "admin.logentry", "pk": 132, "fields": {"action_time": "2020-03-30T08:13:46.012Z", "user": 2, "content_type": 11, "object_id": "113", "object_repr": "<p>\u6211\u89c9\u5f97\u8fd8\u5c0f</p>", "action_flag": 3, "change_message": ""}}, {"model": "admin.logentry", "pk": 133, "fields": {"action_time": "2020-03-30T08:13:46.017Z", "user": 2, "content_type": 11, "object_id": "114", "object_repr": "<p>\u8fd8\u597d\u8fd8\u597d\u54c8\u54c8\u54c8</p>", "action_flag": 3, "change_message": ""}}, {"model": "admin.logentry", "pk": 134, "fields": {"action_time": "2020-03-30T08:13:46.022Z", "user": 2, "content_type": 11, "object_id": "115", "object_repr": "<p>\u633a\u597d\u4e00\u5c0f\u4f19</p>", "action_flag": 3, "change_message": ""}}, {"model": "admin.logentry", "pk": 135, "fields": {"action_time": "2020-03-30T08:13:46.027Z", "user": 2, "content_type": 11, "object_id": "116", "object_repr": "<p>\u633a\u597d\u4e00\u5c0f\u4f19\u554a</p>", "action_flag": 3, "change_message": ""}}, {"model": "admin.logentry", "pk": 136, "fields": {"action_time": "2020-03-30T08:13:46.031Z", "user": 2, "content_type": 11, "object_id": "117", "object_repr": "<p>\u6211\u53bb</p>", "action_flag": 3, "change_message": ""}}, {"model": "admin.logentry", "pk": 137, "fields": {"action_time": "2020-03-30T08:13:46.036Z", "user": 2, "content_type": 11, "object_id": "118", "object_repr": "<p>\u633a\u597d\u554a</p>", "action_flag": 3, "change_message": ""}}, {"model": "admin.logentry", "pk": 138, "fields": {"action_time": "2020-03-30T08:13:46.040Z", "user": 2, "content_type": 11, "object_id": "119", "object_repr": "<p>\u5389\u5bb3\u5566</p>", "action_flag": 3, "change_message": ""}}, {"model": "admin.logentry", "pk": 139, "fields": {"action_time": "2020-03-30T08:13:46.045Z", "user": 2, "content_type": 11, "object_id": "120", "object_repr": "<p>\u5389\u5bb3\u5566</p>", "action_flag": 3, "change_message": ""}}, {"model": "admin.logentry", "pk": 140, "fields": {"action_time": "2020-03-30T08:13:46.050Z", "user": 2, "content_type": 11, "object_id": "121", "object_repr": "<p>\u5389\u5bb3\u5566</p>", "action_flag": 3, "change_message": ""}}, {"model": "admin.logentry", "pk": 141, "fields": {"action_time": "2020-03-30T08:13:46.054Z", "user": 2, "content_type": 11, "object_id": "122", "object_repr": "<p>\u54c8\u54c8\u54c8\u54c8</p>", "action_flag": 3, "change_message": ""}}, {"model": "admin.logentry", "pk": 142, "fields": {"action_time": "2020-03-30T08:13:46.059Z", "user": 2, "content_type": 11, "object_id": "123", "object_repr": "<p>okk</p>", "action_flag": 3, "change_message": ""}}, {"model": "admin.logentry", "pk": 143, "fields": {"action_time": "2020-03-30T08:13:46.064Z", "user": 2, "content_type": 11, "object_id": "124", "object_repr": "<p>\u597d\u65e0\u5948\u554a</p>", "action_flag": 3, "change_message": ""}}, {"model": "admin.logentry", "pk": 144, "fields": {"action_time": "2020-03-30T08:13:46.068Z", "user": 2, "content_type": 11, "object_id": "125", "object_repr": "<p>\u6211\u89c9\u5f97\u8fd8\u884c</p>", "action_flag": 3, "change_message": ""}}, {"model": "admin.logentry", "pk": 145, "fields": {"action_time": "2020-03-30T08:13:46.073Z", "user": 2, "content_type": 11, "object_id": "126", "object_repr": "<p>\u7684\u54c8\u8bb0\u5f97\u54c8\u5c31</p>", "action_flag": 3, "change_message": ""}}, {"model": "admin.logentry", "pk": 146, "fields": {"action_time": "2020-03-30T08:13:46.078Z", "user": 2, "content_type": 11, "object_id": "127", "object_repr": "<p>\u53d1\u53d1</p>", "action_flag": 3, "change_message": ""}}, {"model": "admin.logentry", "pk": 147, "fields": {"action_time": "2020-03-30T08:13:46.083Z", "user": 2, "content_type": 11, "object_id": "128", "object_repr": "<p>\u53d1\u53d1</p>", "action_flag": 3, "change_message": ""}}, {"model": "admin.logentry", "pk": 148, "fields": {"action_time": "2020-03-30T08:13:46.087Z", "user": 2, "content_type": 11, "object_id": "129", "object_repr": "<p>\u53d1\u53d1</p>", "action_flag": 3, "change_message": ""}}, {"model": "admin.logentry", "pk": 149, "fields": {"action_time": "2020-03-30T08:13:46.091Z", "user": 2, "content_type": 11, "object_id": "130", "object_repr": "<p>\u963f\u53d1&nbsp;&nbsp;</p>", "action_flag": 3, "change_message": ""}}, {"model": "admin.logentry", "pk": 150, "fields": {"action_time": "2020-03-30T08:13:46.096Z", "user": 2, "content_type": 11, "object_id": "131", "object_repr": "<p>djak&nbsp;</p>", "action_flag": 3, "change_message": ""}}, {"model": "admin.logentry", "pk": 151, "fields": {"action_time": "2020-03-30T08:13:46.101Z", "user": 2, "content_type": 11, "object_id": "132", "object_repr": "<p>djak&nbsp;</p>", "action_flag": 3, "change_message": ""}}, {"model": "admin.logentry", "pk": 152, "fields": {"action_time": "2020-03-30T08:13:46.105Z", "user": 2, "content_type": 11, "object_id": "133", "object_repr": "<p>faofaofhaohfoahfoa&nbsp;</p>", "action_flag": 3, "change_message": ""}}, {"model": "admin.logentry", "pk": 153, "fields": {"action_time": "2020-03-30T08:13:46.111Z", "user": 2, "content_type": 11, "object_id": "134", "object_repr": "<p>\u597d\u65e0\u8bed\u554a</p>", "action_flag": 3, "change_message": ""}}, {"model": "admin.logentry", "pk": 154, "fields": {"action_time": "2020-03-30T08:13:46.115Z", "user": 2, "content_type": 11, "object_id": "135", "object_repr": "<p>\u8fd8\u597d\u5427</p>", "action_flag": 3, "change_message": ""}}, {"model": "admin.logentry", "pk": 155, "fields": {"action_time": "2020-03-30T08:13:46.120Z", "user": 2, "content_type": 11, "object_id": "136", "object_repr": "<p>\u6211\u5c31\u8fd9\u6837\u4e86</p>\r\n\r\n<p>&nbsp;</p>", "action_flag": 3, "change_message": ""}}, {"model": "admin.logentry", "pk": 156, "fields": {"action_time": "2020-03-30T08:13:46.125Z", "user": 2, "content_type": 11, "object_id": "137", "object_repr": "<p>\u4f60\u597d\u4e0d\u884c\u7684</p>", "action_flag": 3, "change_message": ""}}, {"model": "admin.logentry", "pk": 157, "fields": {"action_time": "2020-03-30T08:13:46.129Z", "user": 2, "content_type": 11, "object_id": "138", "object_repr": "<p>&nbsp; &nbsp; &nbsp; &nbsp;</p>", "action_flag": 3, "change_message": ""}}, {"model": "admin.logentry", "pk": 158, "fields": {"action_time": "2020-03-30T08:13:46.134Z", "user": 2, "content_type": 11, "object_id": "139", "object_repr": "<p>\u597d\u5427\u7231</p>", "action_flag": 3, "change_message": ""}}, {"model": "admin.logentry", "pk": 159, "fields": {"action_time": "2020-03-30T08:13:46.139Z", "user": 2, "content_type": 11, "object_id": "140", "object_repr": "<p>&nbsp; &nbsp;</p>", "action_flag": 3, "change_message": ""}}, {"model": "admin.logentry", "pk": 160, "fields": {"action_time": "2020-03-30T08:13:46.144Z", "user": 2, "content_type": 11, "object_id": "141", "object_repr": "<p>\u597d\u7684</p>", "action_flag": 3, "change_message": ""}}, {"model": "admin.logentry", "pk": 161, "fields": {"action_time": "2020-03-30T08:13:46.149Z", "user": 2, "content_type": 11, "object_id": "142", "object_repr": "<p>\u884c\u5427</p>", "action_flag": 3, "change_message": ""}}, {"model": "admin.logentry", "pk": 162, "fields": {"action_time": "2020-03-30T08:13:46.153Z", "user": 2, "content_type": 11, "object_id": "143", "object_repr": "<p>\u53d1\u53d1\u554a</p>", "action_flag": 3, "change_message": ""}}, {"model": "admin.logentry", "pk": 163, "fields": {"action_time": "2020-03-30T08:13:46.158Z", "user": 2, "content_type": 11, "object_id": "144", "object_repr": "<p>\uff1f\uff1f\uff1f\uff1f\uff1f\uff1f</p>\r\n\r\n<p>&nbsp;</p>", "action_flag": 3, "change_message": ""}}, {"model": "admin.logentry", "pk": 164, "fields": {"action_time": "2020-03-30T08:13:46.162Z", "user": 2, "content_type": 11, "object_id": "145", "object_repr": "<p>\u54c8\u54c8\u54c8\u54c8\u554a\u54c8</p>", "action_flag": 3, "change_message": ""}}, {"model": "admin.logentry", "pk": 165, "fields": {"action_time": "2020-03-30T08:13:46.167Z", "user": 2, "content_type": 11, "object_id": "146", "object_repr": "<p>\uff1f\uff1f\uff1f</p>", "action_flag": 3, "change_message": ""}}, {"model": "admin.logentry", "pk": 166, "fields": {"action_time": "2020-03-30T08:13:46.172Z", "user": 2, "content_type": 11, "object_id": "147", "object_repr": "<p>\uff1f\uff1f\uff1f\uff1f</p>\r\n\r\n<p>&nbsp;</p>", "action_flag": 3, "change_message": ""}}, {"model": "admin.logentry", "pk": 167, "fields": {"action_time": "2020-03-30T08:13:46.176Z", "user": 2, "content_type": 11, "object_id": "148", "object_repr": "<p>\u53d1\u53d1</p>", "action_flag": 3, "change_message": ""}}, {"model": "admin.logentry", "pk": 168, "fields": {"action_time": "2020-03-30T08:13:46.180Z", "user": 2, "content_type": 11, "object_id": "149", "object_repr": "<p>\u53d1\u554a</p>", "action_flag": 3, "change_message": ""}}, {"model": "admin.logentry", "pk": 169, "fields": {"action_time": "2020-03-30T08:13:46.185Z", "user": 2, "content_type": 11, "object_id": "150", "object_repr": "<p>\u53d1\u554a</p>", "action_flag": 3, "change_message": ""}}, {"model": "admin.logentry", "pk": 170, "fields": {"action_time": "2020-03-30T08:13:46.189Z", "user": 2, "content_type": 11, "object_id": "151", "object_repr": "<p>\u53d1\u53d1</p>", "action_flag": 3, "change_message": ""}}, {"model": "admin.logentry", "pk": 171, "fields": {"action_time": "2020-03-30T08:13:46.194Z", "user": 2, "content_type": 11, "object_id": "152", "object_repr": "<p>\u725b\u903c\u554a</p>", "action_flag": 3, "change_message": ""}}, {"model": "admin.logentry", "pk": 172, "fields": {"action_time": "2020-03-30T08:13:46.199Z", "user": 2, "content_type": 11, "object_id": "153", "object_repr": "<p>\u4f60\u597d</p>", "action_flag": 3, "change_message": ""}}, {"model": "admin.logentry", "pk": 173, "fields": {"action_time": "2020-03-30T08:13:46.204Z", "user": 2, "content_type": 11, "object_id": "154", "object_repr": "<p>\u5509&nbsp; \u7ec8\u4e8e\u6210\u529f\u5566</p>", "action_flag": 3, "change_message": ""}}, {"model": "admin.logentry", "pk": 174, "fields": {"action_time": "2020-03-30T08:13:46.209Z", "user": 2, "content_type": 11, "object_id": "155", "object_repr": "<p>\u54c8\u54c8\u54c8\u54c8</p>", "action_flag": 3, "change_message": ""}}, {"model": "admin.logentry", "pk": 175, "fields": {"action_time": "2020-03-31T13:31:36.325Z", "user": 2, "content_type": 7, "object_id": "9", "object_repr": "Blog: django1", "action_flag": 1, "change_message": "[{\"added\": {}}]"}}, {"model": "admin.logentry", "pk": 176, "fields": {"action_time": "2020-03-31T13:31:59.297Z", "user": 2, "content_type": 7, "object_id": "10", "object_repr": "Blog: fjahfahfoafhaha", "action_flag": 1, "change_message": "[{\"added\": {}}]"}}, {"model": "admin.logentry", "pk": 177, "fields": {"action_time": "2020-03-31T13:32:19.480Z", "user": 2, "content_type": 7, "object_id": "11", "object_repr": "Blog: \u53d1\u53d1  \u6cd5\u4fc4\u670d\u8272", "action_flag": 1, "change_message": "[{\"added\": {}}]"}}, {"model": "admin.logentry", "pk": 178, "fields": {"action_time": "2020-03-31T13:33:01.960Z", "user": 2, "content_type": 7, "object_id": "12", "object_repr": "Blog: \u5947\u5076\u7ea7\u54e6\u5f04\u54e6in", "action_flag": 1, "change_message": "[{\"added\": {}}]"}}, {"model": "admin.logentry", "pk": 179, "fields": {"action_time": "2020-03-31T13:33:18.529Z", "user": 2, "content_type": 7, "object_id": "13", "object_repr": "Blog: \u53d1\u989d\u989d\u4e2a\u662f\u5b98\u65b9\u7684\u4e0d\u591f\u597d", "action_flag": 1, "change_message": "[{\"added\": {}}]"}}, {"model": "admin.logentry", "pk": 180, "fields": {"action_time": "2020-03-31T13:33:51.720Z", "user": 2, "content_type": 7, "object_id": "14", "object_repr": "Blog: \u597d\u7684\u5361\u53f7\u8985\u554a\u653e\u5047\u54ce\u653e\u5047\u54e6\u5947\u5076I", "action_flag": 1, "change_message": "[{\"added\": {}}]"}}, {"model": "admin.logentry", "pk": 181, "fields": {"action_time": "2020-03-31T13:34:12.707Z", "user": 2, "content_type": 7, "object_id": "15", "object_repr": "Blog: \u5206\u5f00\u8dd1\u623f\u95f4\u554a\u54e6if\u7ea2\u554aU\u89c4\u8303\u4e00\u7ed9\u4e2aI", "action_flag": 1, "change_message": "[{\"added\": {}}]"}}]